image_file,model_name,segmentation_method,iou,dice_coefficient,runtime_sec
ADE_val_00000013.jpg,mask2former,mask2former,0.7654830878156829,0.8671655855539971,0.676438570022583
ADE_val_00001012.jpg,mask2former,mask2former,0.4063051712848227,0.5778335735103866,0.09676194190979004
ADE_val_00001043.jpg,mask2former,mask2former,0.0,0.0,0.07147860527038574
ADE_val_00000045.jpg,mask2former,mask2former,0.6751346261594969,0.8060661102891135,0.16570734977722168
ADE_val_00000046.jpg,mask2former,mask2former,0.7576685754871931,0.8621290566990781,0.07278728485107422
ADE_val_00000047.jpg,mask2former,mask2former,0.6651631646635394,0.7989165011321174,0.07829594612121582
ADE_val_00000048.jpg,mask2former,mask2former,0.8835812800820463,0.9381928875865221,0.1471548080444336
ADE_val_00000049.jpg,mask2former,mask2former,0.5364131945928104,0.6982668418634271,0.15297985076904297
ADE_val_00001045.jpg,mask2former,mask2former,0.40218681475577867,0.5736565349544073,0.07449102401733398
ADE_val_00001046.jpg,mask2former,mask2former,0.748894694533762,0.8564205688020684,0.06990432739257812
ADE_val_00001047.jpg,mask2former,mask2former,0.33750829124175036,0.5046821667601114,0.09349989891052246
ADE_val_00001048.jpg,mask2former,mask2former,0.5598856864542746,0.7178547650205478,0.1080172061920166
ADE_val_00001072.jpg,mask2former,mask2former,0.6267211049819745,0.7705329488411834,0.06950592994689941
ADE_val_00000074.jpg,mask2former,mask2former,0.7806166771132298,0.8767936267774158,0.07031440734863281
ADE_val_00001073.jpg,mask2former,mask2former,0.71140956304728,0.831372663105338,0.08225083351135254
ADE_val_00001074.jpg,mask2former,mask2former,0.8691139700233276,0.929974291522181,0.07314133644104004
ADE_val_00000076.jpg,mask2former,mask2former,0.5840992433777671,0.7374528405585185,0.10039448738098145
ADE_val_00000077.jpg,mask2former,mask2former,0.45072521229179285,0.621379167430001,0.07226443290710449
ADE_val_00000078.jpg,mask2former,mask2former,0.5826638150231442,0.7363077483573144,0.0970909595489502
ADE_val_00000079.jpg,mask2former,mask2former,0.4162331684038504,0.5878031636174166,0.07466435432434082
ADE_val_00000080.jpg,mask2former,mask2former,0.7396068043826003,0.8503149131393429,0.06657958030700684
ADE_val_00000081.jpg,mask2former,mask2former,0.86785686580111,0.9292541432813618,0.1077725887298584
ADE_val_00000082.jpg,mask2former,mask2former,0.7706666666666667,0.8704819277108434,0.0697319507598877
ADE_val_00000083.jpg,mask2former,mask2former,0.8930439908061685,0.9435005157232065,0.1031796932220459
ADE_val_00000084.jpg,mask2former,mask2former,0.7099319072838572,0.8303627814180614,0.10964131355285645
ADE_val_00000085.jpg,mask2former,mask2former,0.8386129578933647,0.9122234826999432,0.06674814224243164
ADE_val_00000086.jpg,mask2former,mask2former,0.8773074303738485,0.9346443914081145,0.07367324829101562
ADE_val_00000087.jpg,mask2former,mask2former,0.7671358953126909,0.8682251289756613,0.0806117057800293
ADE_val_00000088.jpg,mask2former,mask2former,0.5865753613530345,0.7394232579696711,0.06549572944641113
ADE_val_00000089.jpg,mask2former,mask2former,0.7265740538705845,0.841636710851494,0.06899261474609375
ADE_val_00000090.jpg,mask2former,mask2former,0.6456643239460221,0.7846853268324239,0.06995582580566406
ADE_val_00000091.jpg,mask2former,mask2former,0.7007239787353106,0.8240302218310366,0.08501935005187988
ADE_val_00000092.jpg,mask2former,mask2former,0.4199157519846169,0.5914657280161875,0.07201123237609863
ADE_val_00000093.jpg,mask2former,mask2former,0.6555191768007483,0.7919197626783444,0.08653426170349121
ADE_val_00000094.jpg,mask2former,mask2former,0.9076242853673087,0.9515755196967915,0.10402584075927734
ADE_val_00000095.jpg,mask2former,mask2former,0.55046093569947,0.710061018662346,0.06362724304199219
ADE_val_00000096.jpg,mask2former,mask2former,0.8304962733087896,0.9074001246750332,0.11056756973266602
ADE_val_00000097.jpg,mask2former,mask2former,0.601039509164094,0.7508115892504088,0.07574725151062012
ADE_val_00000098.jpg,mask2former,mask2former,0.6153094491215818,0.7618471488001163,0.12054038047790527
ADE_val_00000099.jpg,mask2former,mask2former,0.8555721430170934,0.922165323764738,0.07272624969482422
ADE_val_00000100.jpg,mask2former,mask2former,0.653338715350653,0.7903265184376788,0.1024940013885498
ADE_val_00000101.jpg,mask2former,mask2former,0.7624674721718658,0.8652272841464552,0.10024690628051758
ADE_val_00000102.jpg,mask2former,mask2former,0.5721741723829407,0.7278763160390781,0.07837510108947754
ADE_val_00000103.jpg,mask2former,mask2former,0.8479179184647039,0.9177008459003149,0.0786898136138916
ADE_val_00000104.jpg,mask2former,mask2former,0.823846859341446,0.9034167042280297,0.08829522132873535
ADE_val_00000105.jpg,mask2former,mask2former,0.7146164716193918,0.833558388651735,0.11171865463256836
ADE_val_00000106.jpg,mask2former,mask2former,0.35803671321427094,0.5272857644133218,0.07632684707641602
ADE_val_00000107.jpg,mask2former,mask2former,0.701895540508004,0.8248397434527539,0.10855388641357422
ADE_val_00000108.jpg,mask2former,mask2former,0.9412799444508737,0.9697518867812049,0.0924539566040039
ADE_val_00000937.jpg,mask2former,mask2former,0.4574246816394736,0.6277163923488813,0.11336970329284668
ADE_val_00001076.jpg,mask2former,mask2former,0.7369166032046998,0.848534238022771,0.1071007251739502
ADE_val_00001077.jpg,mask2former,mask2former,0.7827075065819046,0.8781109673820111,0.12103962898254395
ADE_val_00001078.jpg,mask2former,mask2former,0.9431900857559349,0.9707646129627276,0.0940241813659668
ADE_val_00001079.jpg,mask2former,mask2former,0.8790567725099326,0.9356362036211825,0.10718631744384766
ADE_val_00001080.jpg,mask2former,mask2former,0.2871969891769326,0.44623626623081813,0.07007384300231934
ADE_val_00001081.jpg,mask2former,mask2former,0.5994790955843431,0.7495929108911965,0.11112785339355469
ADE_val_00001082.jpg,mask2former,mask2former,0.8300964641612841,0.9071614315606139,0.08101439476013184
ADE_val_00001083.jpg,mask2former,mask2former,0.7695941566535374,0.8697973529805383,0.07738018035888672
ADE_val_00001084.jpg,mask2former,mask2former,0.8962436779260347,0.9452832337521905,0.09605216979980469
ADE_val_00001085.jpg,mask2former,mask2former,0.583258861924825,0.7367826903753896,0.10767531394958496
ADE_val_00001086.jpg,mask2former,mask2former,0.53392390834445,0.6961543599913104,0.11121296882629395
ADE_val_00001087.jpg,mask2former,mask2former,0.03485451119949759,0.06736118134924649,0.07980227470397949
ADE_val_00001088.jpg,mask2former,mask2former,0.7493798600852867,0.8567377242456107,0.08565163612365723
ADE_val_00001089.jpg,mask2former,mask2former,0.6237960510474356,0.7683182264731506,0.07477450370788574
ADE_val_00001090.jpg,mask2former,mask2former,0.36480755923986014,0.5345919382847535,0.08962035179138184
ADE_val_00001091.jpg,mask2former,mask2former,0.7338957832473172,0.846528136625195,0.08414626121520996
ADE_val_00001092.jpg,mask2former,mask2former,0.589545312138576,0.7417785547055605,0.06818127632141113
ADE_val_00001093.jpg,mask2former,mask2former,0.32397712628865977,0.489399884417678,0.06279635429382324
ADE_val_00001094.jpg,mask2former,mask2former,0.6384831914191651,0.779358854290285,0.11089491844177246
ADE_val_00001095.jpg,mask2former,mask2former,0.8554188492044376,0.9220762735823473,0.09308981895446777
ADE_val_00001096.jpg,mask2former,mask2former,0.937693780037354,0.9678451669688258,0.0824577808380127
ADE_val_00001097.jpg,mask2former,mask2former,0.6184843394788146,0.7642759641134116,0.0868220329284668
ADE_val_00001098.jpg,mask2former,mask2former,0.9006485950227585,0.947727630853271,0.07067513465881348
ADE_val_00001099.jpg,mask2former,mask2former,0.7117715832871824,0.8316198145085916,0.0721580982208252
ADE_val_00001100.jpg,mask2former,mask2former,0.5268814265332116,0.6901405929463656,0.09972500801086426
ADE_val_00001101.jpg,mask2former,mask2former,0.8998545516769336,0.9472878340951566,0.07235383987426758
ADE_val_00001102.jpg,mask2former,mask2former,0.9669607818665465,0.9832029095658426,0.11291766166687012
ADE_val_00001103.jpg,mask2former,mask2former,0.7239841043181793,0.8398964961507098,0.08153629302978516
ADE_val_00001104.jpg,mask2former,mask2former,0.35865251897860595,0.5279532683577256,0.07013130187988281
ADE_val_00001105.jpg,mask2former,mask2former,0.6670266443020987,0.8002591279293555,0.09516692161560059
ADE_val_00001106.jpg,mask2former,mask2former,0.5617510277971431,0.7193861477261142,0.10496139526367188
ADE_val_00001107.jpg,mask2former,mask2former,0.398668722500094,0.5700688320068832,0.06850194931030273
ADE_val_00001108.jpg,mask2former,mask2former,0.46367713004484307,0.633578431372549,0.07043337821960449
ADE_val_00001937.jpg,mask2former,mask2former,0.976046684853315,0.9878781633398185,0.11256051063537598
ADE_val_00001116.jpg,mask2former,mask2former,0.2299356426272951,0.3738986572275018,0.06612825393676758
ADE_val_00000117.jpg,mask2former,mask2former,0.646490102799459,0.7852948544303529,0.10694169998168945
ADE_val_00000118.jpg,mask2former,mask2former,0.8550618574664576,0.9218688358287465,0.08668851852416992
ADE_val_00000119.jpg,mask2former,mask2former,0.735543286317813,0.8476230954496864,0.07461714744567871
ADE_val_00000120.jpg,mask2former,mask2former,0.5756840876256557,0.7307100352750713,0.08856511116027832
ADE_val_00000121.jpg,mask2former,mask2former,0.3367322794142862,0.5038140914227517,0.0869288444519043
ADE_val_00000122.jpg,mask2former,mask2former,0.5284072265094769,0.6914482179153718,0.10731172561645508
ADE_val_00000123.jpg,mask2former,mask2former,0.38343679830933824,0.5543249952262745,0.07768511772155762
ADE_val_00000124.jpg,mask2former,mask2former,0.5044994271776488,0.6706541964247333,0.09524846076965332
ADE_val_00000125.jpg,mask2former,mask2former,0.37054722236639503,0.5407288655499312,0.08527970314025879
ADE_val_00000126.jpg,mask2former,mask2former,0.5407760203664951,0.7019527993924307,0.09270834922790527
ADE_val_00000127.jpg,mask2former,mask2former,0.5567408130225544,0.7152646199871786,0.0814063549041748
ADE_val_00000128.jpg,mask2former,mask2former,0.519863067290644,0.6840919797036299,0.10855507850646973
ADE_val_00000129.jpg,mask2former,mask2former,0.542313790269696,0.7032470223518711,0.07646393775939941
ADE_val_00000130.jpg,mask2former,mask2former,0.5166032851633908,0.6812635713204784,0.07161068916320801
ADE_val_00000131.jpg,mask2former,mask2former,0.6852241150175185,0.8132142293850279,0.08153080940246582
ADE_val_00000132.jpg,mask2former,mask2former,0.8770752580982125,0.9345126193681065,0.0826880931854248
ADE_val_00000133.jpg,mask2former,mask2former,0.745811964740254,0.8544012526013564,0.082427978515625
ADE_val_00000134.jpg,mask2former,mask2former,0.45192400805532007,0.6225174396842141,0.09414172172546387
ADE_val_00000135.jpg,mask2former,mask2former,0.5677679234362485,0.7243009822420775,0.0781552791595459
ADE_val_00000136.jpg,mask2former,mask2former,0.3194553254989741,0.48422302646460075,0.06879663467407227
ADE_val_00000137.jpg,mask2former,mask2former,0.5853808558034378,0.7384734761500309,0.07354187965393066
ADE_val_00000138.jpg,mask2former,mask2former,0.639499351329384,0.7801154063413902,0.08678340911865234
ADE_val_00000139.jpg,mask2former,mask2former,0.5271576399770389,0.6903775041651429,0.07856154441833496
ADE_val_00000140.jpg,mask2former,mask2former,0.5283826365047265,0.6914271647485999,0.06632590293884277
ADE_val_00000141.jpg,mask2former,mask2former,0.7389903301675638,0.8499073483592712,0.09626460075378418
ADE_val_00000142.jpg,mask2former,mask2former,0.5552188075343436,0.7140073214708507,0.06388068199157715
ADE_val_00000143.jpg,mask2former,mask2former,0.5419138325229413,0.702910656993381,0.0747518539428711
ADE_val_00000144.jpg,mask2former,mask2former,0.5788340195711459,0.73324239583889,0.10065364837646484
ADE_val_00000145.jpg,mask2former,mask2former,0.7231205004130768,0.8393150684931507,0.06811070442199707
ADE_val_00000146.jpg,mask2former,mask2former,0.5287168544820076,0.6917132534149479,0.07206916809082031
ADE_val_00000147.jpg,mask2former,mask2former,0.5827922454374695,0.7364102864635794,0.08231997489929199
ADE_val_00000148.jpg,mask2former,mask2former,0.8934652399219328,0.9437355606895326,0.07148385047912598
ADE_val_00000149.jpg,mask2former,mask2former,0.9639687356676052,0.9816538503500429,0.101531982421875
ADE_val_00000150.jpg,mask2former,mask2former,0.7507327788312957,0.8576212062842035,0.07937908172607422
ADE_val_00000151.jpg,mask2former,mask2former,0.46751783702591065,0.6371545547594678,0.08445096015930176
ADE_val_00000152.jpg,mask2former,mask2former,0.7591198942953984,0.8630678292674961,0.07421469688415527
ADE_val_00000153.jpg,mask2former,mask2former,0.8641870464046737,0.927146284029138,0.07883930206298828
ADE_val_00000154.jpg,mask2former,mask2former,0.3742070075535109,0.5446151933393332,0.09944939613342285
ADE_val_00000155.jpg,mask2former,mask2former,0.6469684161991854,0.7856476297125793,0.07534933090209961
ADE_val_00000156.jpg,mask2former,mask2former,0.7597029413893179,0.8634445320521184,0.07893943786621094
ADE_val_00000157.jpg,mask2former,mask2former,0.3247504221123203,0.4902816661790594,0.09147953987121582
ADE_val_00000158.jpg,mask2former,mask2former,0.3014756770031032,0.46328284474329723,0.06850099563598633
ADE_val_00000159.jpg,mask2former,mask2former,0.6187008505857807,0.7644412497366432,0.06238675117492676
ADE_val_00000160.jpg,mask2former,mask2former,0.632885650468163,0.7751744897589234,0.07666444778442383
ADE_val_00000161.jpg,mask2former,mask2former,0.680972955980895,0.8102128633991356,0.08150458335876465
ADE_val_00000162.jpg,mask2former,mask2former,0.5138284250960308,0.6788463165017339,0.07552337646484375
ADE_val_00000163.jpg,mask2former,mask2former,0.6131447259545293,0.7601856375183195,0.07946586608886719
ADE_val_00000164.jpg,mask2former,mask2former,0.48283184336481566,0.651229396678159,0.09832763671875
ADE_val_00000165.jpg,mask2former,mask2former,0.6473383966697279,0.7859203646055871,0.07675433158874512
ADE_val_00000166.jpg,mask2former,mask2former,0.6446555223608292,0.7839398750632657,0.10669946670532227
ADE_val_00000167.jpg,mask2former,mask2former,0.25442302614206497,0.40564151141985055,0.06985116004943848
ADE_val_00000168.jpg,mask2former,mask2former,0.9440900301681105,0.9712410593314679,0.0994575023651123
ADE_val_00000169.jpg,mask2former,mask2former,0.7259375545089831,0.8412095241945264,0.06668782234191895
ADE_val_00000170.jpg,mask2former,mask2former,0.6788351270160702,0.8086977882367984,0.09563899040222168
ADE_val_00000171.jpg,mask2former,mask2former,0.5879426007374828,0.7405086310606273,0.06981778144836426
ADE_val_00000172.jpg,mask2former,mask2former,0.40903478185213193,0.5805886229642516,0.09564900398254395
ADE_val_00000173.jpg,mask2former,mask2former,0.3776766407231907,0.5482805319613099,0.07004094123840332
ADE_val_00000174.jpg,mask2former,mask2former,0.9728266156490158,0.9862261669953978,0.07630038261413574
ADE_val_00000175.jpg,mask2former,mask2former,0.5046677456914704,0.6708029026827451,0.07827186584472656
ADE_val_00000176.jpg,mask2former,mask2former,0.5953419102474385,0.7463502418175684,0.07261371612548828
ADE_val_00000177.jpg,mask2former,mask2former,0.8832298518472982,0.9379947444874243,0.07717084884643555
ADE_val_00000178.jpg,mask2former,mask2former,0.46904539130861395,0.638571679382612,0.09890389442443848
ADE_val_00000179.jpg,mask2former,mask2former,0.7102344935457957,0.8305697215512013,0.07329773902893066
ADE_val_00000180.jpg,mask2former,mask2former,0.8391480310773685,0.9125399553463868,0.07451558113098145
ADE_val_00000181.jpg,mask2former,mask2former,0.3538309271252447,0.5227106576396173,0.0710763931274414
ADE_val_00000182.jpg,mask2former,mask2former,0.605050248498416,0.753933092206257,0.0932776927947998
ADE_val_00000183.jpg,mask2former,mask2former,0.41996792943594446,0.591517485331896,0.10279273986816406
ADE_val_00000184.jpg,mask2former,mask2former,0.7823253615144561,0.877870425240101,0.07938122749328613
ADE_val_00000939.jpg,mask2former,mask2former,0.7671693329107379,0.8682465439201786,0.07557845115661621
ADE_val_00000940.jpg,mask2former,mask2former,0.773731072018974,0.872433351622198,0.09630632400512695
ADE_val_00001117.jpg,mask2former,mask2former,0.7226505056701822,0.8389983961245131,0.09331488609313965
ADE_val_00001118.jpg,mask2former,mask2former,0.8157271400742688,0.8985129120677274,0.09931540489196777
ADE_val_00001119.jpg,mask2former,mask2former,0.6287657176547955,0.7720763162428712,0.07711124420166016
ADE_val_00001120.jpg,mask2former,mask2former,0.594895981323276,0.7459997244832158,0.08498954772949219
ADE_val_00001121.jpg,mask2former,mask2former,0.571035908815816,0.7269546235212918,0.07313084602355957
ADE_val_00001122.jpg,mask2former,mask2former,0.5038575309867942,0.6700867876176746,0.10973548889160156
ADE_val_00001123.jpg,mask2former,mask2former,0.8036732304089242,0.8911516973911261,0.07143926620483398
ADE_val_00001124.jpg,mask2former,mask2former,0.796009043546643,0.8864198611992907,0.07480382919311523
ADE_val_00001125.jpg,mask2former,mask2former,0.7919327683190247,0.8838866974478296,0.07050108909606934
ADE_val_00001126.jpg,mask2former,mask2former,0.7661470395077944,0.8675914545838845,0.06842803955078125
ADE_val_00001127.jpg,mask2former,mask2former,0.8461911059550885,0.9166885304837704,0.2828676700592041
ADE_val_00001128.jpg,mask2former,mask2former,0.7670689720998861,0.8681822659002882,0.07939982414245605
ADE_val_00001129.jpg,mask2former,mask2former,0.653133913420226,0.7901766555244574,0.08780956268310547
ADE_val_00001130.jpg,mask2former,mask2former,0.7643610299753485,0.8664451515187094,0.06790637969970703
ADE_val_00001131.jpg,mask2former,mask2former,0.6613420681153109,0.7961540020058149,0.09592485427856445
ADE_val_00001132.jpg,mask2former,mask2former,0.9022130819349907,0.9485930787703671,0.07313942909240723
ADE_val_00001133.jpg,mask2former,mask2former,0.3422857925528793,0.5100043440106589,0.07202529907226562
ADE_val_00001134.jpg,mask2former,mask2former,0.5981121547475123,0.7485233786260874,0.0651090145111084
ADE_val_00001135.jpg,mask2former,mask2former,0.828555133079848,0.9062402528539644,0.07027077674865723
ADE_val_00001136.jpg,mask2former,mask2former,0.7963008993932859,0.8866007912841801,0.07047224044799805
ADE_val_00001137.jpg,mask2former,mask2former,0.7628029526776939,0.865443243692096,0.07364916801452637
ADE_val_00001138.jpg,mask2former,mask2former,0.28126975208933214,0.4390484542863407,0.08268570899963379
ADE_val_00001139.jpg,mask2former,mask2former,0.5705792779014488,0.7265844977451074,0.10374259948730469
ADE_val_00001140.jpg,mask2former,mask2former,0.5796270548785475,0.7338783582978239,0.09536027908325195
ADE_val_00001141.jpg,mask2former,mask2former,0.6826318111113691,0.8113858380705337,0.06318950653076172
ADE_val_00001142.jpg,mask2former,mask2former,0.5797531712343892,0.7339794365234679,0.08129096031188965
ADE_val_00001143.jpg,mask2former,mask2former,0.5965029068477344,0.7472619113804414,0.06286311149597168
ADE_val_00001144.jpg,mask2former,mask2former,0.5246132929738604,0.688191944005115,0.0703880786895752
ADE_val_00001145.jpg,mask2former,mask2former,0.6009049369401572,0.7507065823517033,0.09771013259887695
ADE_val_00001146.jpg,mask2former,mask2former,0.6635846105556286,0.7977768083992972,0.09442329406738281
ADE_val_00001147.jpg,mask2former,mask2former,0.5058571373456143,0.6718527605311783,0.09274649620056152
ADE_val_00001148.jpg,mask2former,mask2former,0.5324698100916971,0.6949171939117498,0.07933211326599121
ADE_val_00001149.jpg,mask2former,mask2former,0.7525019077728116,0.8587744235087741,0.06471490859985352
ADE_val_00001150.jpg,mask2former,mask2former,0.6425984123857885,0.7824169407937609,0.06694698333740234
ADE_val_00001151.jpg,mask2former,mask2former,0.29823527860088456,0.4594471949988825,0.07870125770568848
ADE_val_00001152.jpg,mask2former,mask2former,0.5158346211561289,0.6805948537614231,0.06481027603149414
ADE_val_00001153.jpg,mask2former,mask2former,0.8774261050834704,0.9347117340146498,0.10294866561889648
ADE_val_00001154.jpg,mask2former,mask2former,0.6183239893773974,0.7641535235664144,0.06579780578613281
ADE_val_00001155.jpg,mask2former,mask2former,0.7403965897116582,0.8508366358432409,0.06488299369812012
ADE_val_00001156.jpg,mask2former,mask2former,0.780340491664312,0.8766193829977185,0.06405186653137207
ADE_val_00001157.jpg,mask2former,mask2former,0.7074882167493836,0.8286888422530474,0.09264254570007324
ADE_val_00001158.jpg,mask2former,mask2former,0.16301713075183835,0.28033487459716966,0.07269144058227539
ADE_val_00001159.jpg,mask2former,mask2former,0.41749344280989853,0.5890587288817377,0.07123279571533203
ADE_val_00001160.jpg,mask2former,mask2former,0.8700202551863829,0.9304928679498917,0.09952688217163086
ADE_val_00001161.jpg,mask2former,mask2former,0.9594387880247426,0.9792995768874484,0.07735300064086914
ADE_val_00001162.jpg,mask2former,mask2former,0.5850188146754468,0.7381853253208694,0.06002521514892578
ADE_val_00001163.jpg,mask2former,mask2former,0.4576180615857324,0.62789845110439,0.08551907539367676
ADE_val_00001164.jpg,mask2former,mask2former,0.6811279381929217,0.8103225491869225,0.06683540344238281
ADE_val_00001165.jpg,mask2former,mask2former,0.5855982526186402,0.7386464404227434,0.07029318809509277
ADE_val_00001166.jpg,mask2former,mask2former,0.583668820023094,0.737109694455666,0.06369566917419434
ADE_val_00001167.jpg,mask2former,mask2former,0.9240769033165231,0.9605405082548372,0.07658171653747559
ADE_val_00001168.jpg,mask2former,mask2former,0.5901221074089223,0.7422349575033789,0.09411859512329102
ADE_val_00001169.jpg,mask2former,mask2former,0.7747357905669502,0.8730716929075467,0.08425426483154297
ADE_val_00001170.jpg,mask2former,mask2former,0.38389957528748453,0.5548084299509017,0.09985995292663574
ADE_val_00001171.jpg,mask2former,mask2former,0.5648477676108477,0.7219204056804025,0.07853150367736816
ADE_val_00001172.jpg,mask2former,mask2former,0.4982360703254959,0.665096883186443,0.08630514144897461
ADE_val_00001173.jpg,mask2former,mask2former,0.7540681750178378,0.8597934627143776,0.07253479957580566
ADE_val_00001174.jpg,mask2former,mask2former,0.2733037768673887,0.4292829124245229,0.06957626342773438
ADE_val_00001175.jpg,mask2former,mask2former,0.5831933634433916,0.7367304296614355,0.0808100700378418
ADE_val_00001176.jpg,mask2former,mask2former,0.7985399952300282,0.8879869197770018,0.08748531341552734
ADE_val_00001177.jpg,mask2former,mask2former,0.6186258680419482,0.7643840127061604,0.06484413146972656
ADE_val_00001178.jpg,mask2former,mask2former,0.4369570939720979,0.608169994504488,0.06713581085205078
ADE_val_00001179.jpg,mask2former,mask2former,0.5863667626155845,0.7392574988759715,0.06872010231018066
ADE_val_00001180.jpg,mask2former,mask2former,0.7186284557162084,0.8362813420504347,0.07188773155212402
ADE_val_00001181.jpg,mask2former,mask2former,0.5548111448612615,0.7136701414765949,0.07407474517822266
ADE_val_00001182.jpg,mask2former,mask2former,0.5443888624376249,0.7049893659274065,0.08613443374633789
ADE_val_00001183.jpg,mask2former,mask2former,0.9512222845042352,0.9750014563265619,0.10109472274780273
ADE_val_00001184.jpg,mask2former,mask2former,0.8368485427812296,0.9111786010556223,0.07899785041809082
ADE_val_00001939.jpg,mask2former,mask2former,0.5433103874327068,0.704084404351742,0.08070111274719238
ADE_val_00000195.jpg,mask2former,mask2former,0.5145294669281077,0.6794578490066864,0.07607221603393555
ADE_val_00001194.jpg,mask2former,mask2former,0.22501332737184226,0.3673647010103775,0.07545590400695801
ADE_val_00001195.jpg,mask2former,mask2former,0.49888844806829374,0.6656778877857666,0.0665438175201416
ADE_val_00000244.jpg,mask2former,mask2former,0.5553875176527623,0.7141468108100782,0.0697774887084961
ADE_val_00000245.jpg,mask2former,mask2former,0.9326265659333445,0.9651389278951994,0.07872772216796875
ADE_val_00000246.jpg,mask2former,mask2former,0.41597021810730495,0.5875409140501879,0.06983733177185059
ADE_val_00001243.jpg,mask2former,mask2former,0.4762818936310011,0.6452451875021756,0.06612706184387207
ADE_val_00001244.jpg,mask2former,mask2former,0.7608334976969753,0.8641742659849243,0.07425665855407715
ADE_val_00001245.jpg,mask2former,mask2former,0.518670193824083,0.6830583703207437,0.06569886207580566
ADE_val_00001246.jpg,mask2former,mask2former,0.8336218885703743,0.9092625843601015,0.06577873229980469
ADE_val_00000255.jpg,mask2former,mask2former,0.5994972993208193,0.7496071416630445,0.06800055503845215
ADE_val_00000256.jpg,mask2former,mask2former,0.6960393134810033,0.8207820513929371,0.0736091136932373
ADE_val_00000257.jpg,mask2former,mask2former,0.14562025254472785,0.2542208069755514,0.07311892509460449
ADE_val_00000258.jpg,mask2former,mask2former,0.7201741066909606,0.8373269936917428,0.0659022331237793
ADE_val_00001255.jpg,mask2former,mask2former,0.5473672936869572,0.707482051507925,0.07581973075866699
ADE_val_00001256.jpg,mask2former,mask2former,0.9677811550151976,0.9836268149521161,0.07639741897583008
ADE_val_00001257.jpg,mask2former,mask2former,0.1769035532994924,0.30062540435626484,0.06872820854187012
ADE_val_00000302.jpg,mask2former,mask2former,0.4824205115186901,0.6508551490891966,0.06738042831420898
ADE_val_00000303.jpg,mask2former,mask2former,0.5215050050332867,0.6855120467012561,0.08107709884643555
ADE_val_00001301.jpg,mask2former,mask2former,0.35221042277637116,0.5209402572910352,0.0692744255065918
ADE_val_00001302.jpg,mask2former,mask2former,0.2428611226447015,0.39080975053417705,0.0808556079864502
ADE_val_00000307.jpg,mask2former,mask2former,0.30040125799804795,0.4620131765490785,0.061743736267089844
ADE_val_00000308.jpg,mask2former,mask2former,0.3711108353755002,0.5413287180009276,0.06702876091003418
ADE_val_00000309.jpg,mask2former,mask2former,0.6024610986247815,0.7519197803201694,0.06535935401916504
ADE_val_00000310.jpg,mask2former,mask2former,0.3006165955285146,0.46226781445358534,0.08083128929138184
ADE_val_00000311.jpg,mask2former,mask2former,0.4022161173211592,0.5736863417168052,0.06987571716308594
ADE_val_00000312.jpg,mask2former,mask2former,0.6306901442665601,0.7735254260093996,0.07282853126525879
ADE_val_00000313.jpg,mask2former,mask2former,0.29811347717448183,0.45930264559515366,0.0804595947265625
ADE_val_00000314.jpg,mask2former,mask2former,0.4666730966635206,0.6363696146402871,0.06800413131713867
ADE_val_00000315.jpg,mask2former,mask2former,0.2998547939981519,0.4613666009198536,0.07713174819946289
ADE_val_00000316.jpg,mask2former,mask2former,0.5263013470626208,0.6896427734608136,0.08047151565551758
ADE_val_00000317.jpg,mask2former,mask2former,0.7347765759013454,0.8471137852660644,0.08569097518920898
ADE_val_00000318.jpg,mask2former,mask2former,0.6773645700762332,0.807653365476115,0.07472729682922363
ADE_val_00000319.jpg,mask2former,mask2former,0.3748392591239236,0.5452844856391125,0.09115481376647949
ADE_val_00000320.jpg,mask2former,mask2former,0.3205077574047955,0.4854310860463129,0.06703829765319824
ADE_val_00000321.jpg,mask2former,mask2former,0.6034680531521126,0.7527035564766126,0.07603693008422852
ADE_val_00000322.jpg,mask2former,mask2former,0.3456255130282876,0.5137023780865574,0.9849376678466797
ADE_val_00000323.jpg,mask2former,mask2former,0.49631758526865544,0.6633853536908669,0.08171296119689941
ADE_val_00000324.jpg,mask2former,mask2former,0.2947255630438919,0.4552710959857684,0.08200407028198242
ADE_val_00000949.jpg,mask2former,mask2former,0.6413745918912369,0.7815091022607186,0.10230588912963867
ADE_val_00000950.jpg,mask2former,mask2former,0.598198562449095,0.7485910405680878,0.09949922561645508
ADE_val_00000951.jpg,mask2former,mask2former,0.6800770843158369,0.8095784302572983,0.10186052322387695
ADE_val_00001306.jpg,mask2former,mask2former,0.6666370738636364,0.7999786928034944,0.07700061798095703
ADE_val_00001307.jpg,mask2former,mask2former,0.25652408318707914,0.4083074675917473,0.08315849304199219
ADE_val_00001308.jpg,mask2former,mask2former,0.36000157038096203,0.5294134627802214,0.0881495475769043
ADE_val_00001309.jpg,mask2former,mask2former,0.3548382462793771,0.523809018905135,0.08160543441772461
ADE_val_00001310.jpg,mask2former,mask2former,0.2502574529757616,0.4003294719501476,0.08334851264953613
ADE_val_00001311.jpg,mask2former,mask2former,0.4939177553281341,0.6612382155129373,0.08509397506713867
ADE_val_00001312.jpg,mask2former,mask2former,0.642794270847841,0.7825621044028804,0.09397339820861816
ADE_val_00001313.jpg,mask2former,mask2former,0.47532448213023915,0.6443660196622133,0.08072781562805176
ADE_val_00001314.jpg,mask2former,mask2former,0.4481057868106637,0.6188854307358036,0.07296133041381836
ADE_val_00001315.jpg,mask2former,mask2former,0.6767569341660539,0.8072212738486672,0.07710957527160645
ADE_val_00001316.jpg,mask2former,mask2former,0.20722738799661877,0.34331127682666385,0.07665324211120605
ADE_val_00001317.jpg,mask2former,mask2former,0.4551903807615231,0.6256093866196601,0.07248258590698242
ADE_val_00001318.jpg,mask2former,mask2former,0.5466991401896749,0.70692370091139,0.07687115669250488
ADE_val_00001319.jpg,mask2former,mask2former,0.49120625871793316,0.6588039123980722,0.07106542587280273
ADE_val_00001320.jpg,mask2former,mask2former,0.4977812865815479,0.6646915554909303,0.07866096496582031
ADE_val_00001321.jpg,mask2former,mask2former,0.24436464659268972,0.3927540809871242,0.08911943435668945
ADE_val_00001322.jpg,mask2former,mask2former,0.8893205387717393,0.9414183782174865,0.11323261260986328
ADE_val_00001323.jpg,mask2former,mask2former,0.7061122883535293,0.8277442149308445,0.09370970726013184
ADE_val_00001324.jpg,mask2former,mask2former,0.4090432060335474,0.5805971091333713,0.07423901557922363
ADE_val_00001949.jpg,mask2former,mask2former,0.8560347793770057,0.9224339854928163,0.10707235336303711
ADE_val_00001950.jpg,mask2former,mask2former,0.6860090673539386,0.813766759191369,0.09308791160583496
ADE_val_00000330.jpg,mask2former,mask2former,0.4752280105116711,0.6442773688208944,0.07593369483947754
ADE_val_00000331.jpg,mask2former,mask2former,0.871670569750849,0.9314358881722258,0.07645559310913086
ADE_val_00000332.jpg,mask2former,mask2former,0.6929487155384937,0.8186293053987526,0.10512328147888184
ADE_val_00001329.jpg,mask2former,mask2former,0.26326012251606157,0.41679479597871083,0.07433319091796875
ADE_val_00001330.jpg,mask2former,mask2former,0.6619250560599487,0.7965763000519703,0.09539461135864258
ADE_val_00001331.jpg,mask2former,mask2former,0.7598506495442442,0.8635399256647441,0.10141110420227051
ADE_val_00000373.jpg,mask2former,mask2former,0.566858843221127,0.7235608308605341,0.0779564380645752
ADE_val_00000374.jpg,mask2former,mask2former,0.7806305208079368,0.8768023592606246,0.08321571350097656
ADE_val_00000375.jpg,mask2former,mask2former,0.7087144821371492,0.8295294381197438,0.11127758026123047
ADE_val_00000376.jpg,mask2former,mask2former,0.39556530771993065,0.5668889954941683,0.8094704151153564
ADE_val_00000377.jpg,mask2former,mask2former,0.8619977002206545,0.9258848172782428,0.09018158912658691
ADE_val_00001372.jpg,mask2former,mask2former,0.788673076923077,0.881852684091129,0.06163501739501953
ADE_val_00001373.jpg,mask2former,mask2former,0.23758798559991404,0.3839532839109529,0.06730914115905762
ADE_val_00001374.jpg,mask2former,mask2former,0.8312052721000875,0.9078231531594855,0.09695672988891602
ADE_val_00001375.jpg,mask2former,mask2former,0.6721730359119922,0.803951530704349,0.1015927791595459
ADE_val_00001376.jpg,mask2former,mask2former,0.6694307545624236,0.8019868481911235,0.07990312576293945
ADE_val_00000378.jpg,mask2former,mask2former,0.8425775267993875,0.9145639893513409,0.06837081909179688
ADE_val_00000379.jpg,mask2former,mask2former,0.5042584423572564,0.6704412329134818,0.06701207160949707
ADE_val_00000380.jpg,mask2former,mask2former,0.817700961037026,0.8997090044673962,0.06537079811096191
ADE_val_00001378.jpg,mask2former,mask2former,0.7802417589507495,0.8765570799896454,0.07728147506713867
ADE_val_00001379.jpg,mask2former,mask2former,0.6264073404896021,0.7702957615784406,0.07298612594604492
ADE_val_00001380.jpg,mask2former,mask2former,0.5512461657233211,0.7107139768062329,0.0940847396850586
ADE_val_00000420.jpg,mask2former,mask2former,0.44986328610489684,0.6205595940200247,0.09581708908081055
ADE_val_00000421.jpg,mask2former,mask2former,0.40736545554877873,0.5789050085642942,0.06970763206481934
ADE_val_00000422.jpg,mask2former,mask2former,0.6161830973651512,0.762516448006057,0.10419034957885742
ADE_val_00000423.jpg,mask2former,mask2former,0.47735744795435375,0.6462314839449779,0.08270907402038574
ADE_val_00000424.jpg,mask2former,mask2former,0.6403201116451128,0.7807257950436537,0.07902002334594727
ADE_val_00001420.jpg,mask2former,mask2former,0.38233502088203036,0.5531727332467824,0.0847015380859375
ADE_val_00001421.jpg,mask2former,mask2former,0.8155998028905772,0.8984356592152944,0.07401299476623535
ADE_val_00001422.jpg,mask2former,mask2former,0.7566921663920289,0.8614966023855577,0.08651566505432129
ADE_val_00001423.jpg,mask2former,mask2former,0.3763033315386535,0.5468319707080285,0.08268141746520996
ADE_val_00001958.jpg,mask2former,mask2former,0.4117937818199792,0.5833625096281773,0.06746029853820801
ADE_val_00000425.jpg,mask2former,mask2former,0.35259623549974856,0.5213621422944055,0.10540366172790527
ADE_val_00001424.jpg,mask2former,mask2former,0.4710532434317601,0.6404299035877983,0.06412076950073242
ADE_val_00000430.jpg,mask2former,mask2former,0.808937395946196,0.8943785426284111,0.06613874435424805
ADE_val_00000431.jpg,mask2former,mask2former,0.3385483980681586,0.5058440898465291,0.06451201438903809
ADE_val_00000432.jpg,mask2former,mask2former,0.5477117018361195,0.707769672073093,0.06831550598144531
ADE_val_00000433.jpg,mask2former,mask2former,0.804133742281511,0.8914347350597212,0.10484170913696289
ADE_val_00000434.jpg,mask2former,mask2former,0.8158602941336698,0.8985936823106859,0.08019852638244629
ADE_val_00000959.jpg,mask2former,mask2former,0.8599884824797651,0.9247245244585766,0.10895872116088867
ADE_val_00000960.jpg,mask2former,mask2former,0.7187253245668422,0.8363469302437576,0.10835456848144531
ADE_val_00000961.jpg,mask2former,mask2former,0.8904749146297987,0.9420647772035372,0.10820746421813965
ADE_val_00001429.jpg,mask2former,mask2former,0.5679597043131199,0.7244570160199716,0.10044240951538086
ADE_val_00001430.jpg,mask2former,mask2former,0.8614819565090654,0.9255872220482305,0.11401700973510742
ADE_val_00001431.jpg,mask2former,mask2former,0.552034226231027,0.711368624352559,0.07425332069396973
ADE_val_00001432.jpg,mask2former,mask2former,0.5014623952403112,0.6679653074628639,0.11907362937927246
ADE_val_00001433.jpg,mask2former,mask2former,0.47709079247896374,0.6459870915291192,0.07811808586120605
ADE_val_00001434.jpg,mask2former,mask2former,0.9756781606833743,0.9876893717809723,0.08926916122436523
ADE_val_00001959.jpg,mask2former,mask2former,0.7450212793088608,0.8538821711147689,0.9795236587524414
ADE_val_00001960.jpg,mask2former,mask2former,0.5508554988070612,0.7103892003230303,0.09488701820373535
ADE_val_00001437.jpg,mask2former,mask2former,0.35452115491126257,0.5234634448134373,0.06758999824523926
ADE_val_00000458.jpg,mask2former,mask2former,0.35747927176373817,0.5266810023541272,0.06804966926574707
ADE_val_00000459.jpg,mask2former,mask2former,0.6014431328007884,0.7511264315067064,0.09436655044555664
ADE_val_00000460.jpg,mask2former,mask2former,0.267653106541154,0.4222813089165332,0.07842206954956055
ADE_val_00000461.jpg,mask2former,mask2former,0.7958099411570819,0.8862963979855498,0.0840451717376709
ADE_val_00000462.jpg,mask2former,mask2former,0.828170585206796,0.9060101851634554,0.06708478927612305
ADE_val_00000463.jpg,mask2former,mask2former,0.7989824825114181,0.8882604364173924,0.07092833518981934
ADE_val_00000464.jpg,mask2former,mask2former,0.5402360910005645,0.701497769279796,0.07028627395629883
ADE_val_00000465.jpg,mask2former,mask2former,0.5678070252749298,0.7243327987707664,0.0840456485748291
ADE_val_00000466.jpg,mask2former,mask2former,0.6837922295219113,0.8122049948122927,0.09036684036254883
ADE_val_00000467.jpg,mask2former,mask2former,0.7031985805044979,0.8257388052733183,0.09644341468811035
ADE_val_00000468.jpg,mask2former,mask2former,0.7814485171144105,0.8773181033378393,0.08055973052978516
ADE_val_00000469.jpg,mask2former,mask2former,0.6675033000539163,0.8006020738097893,0.07202672958374023
ADE_val_00000470.jpg,mask2former,mask2former,0.7782089793343769,0.8752728035662916,0.07646965980529785
ADE_val_00000471.jpg,mask2former,mask2former,0.9113802740268091,0.9536357431446696,0.06831812858581543
ADE_val_00000472.jpg,mask2former,mask2former,0.3001875872312637,0.4617604262328179,0.07992243766784668
ADE_val_00000473.jpg,mask2former,mask2former,0.5227233724674696,0.6865637999900559,0.07827472686767578
ADE_val_00000474.jpg,mask2former,mask2former,0.7135708226010091,0.8328466068509364,0.08296346664428711
ADE_val_00000475.jpg,mask2former,mask2former,0.8330478286784342,0.9089209955629294,0.10198545455932617
ADE_val_00000476.jpg,mask2former,mask2former,0.3191749563764895,0.4839008727897617,0.06901955604553223
ADE_val_00000477.jpg,mask2former,mask2former,0.3462411524131524,0.5143820656388511,0.06783223152160645
ADE_val_00000478.jpg,mask2former,mask2former,0.30166935407379303,0.4635114948810435,0.06193423271179199
ADE_val_00000479.jpg,mask2former,mask2former,0.7847078669829051,0.8793684182156647,0.09523963928222656
ADE_val_00000480.jpg,mask2former,mask2former,0.6515064713378775,0.7889844607270539,0.08209872245788574
ADE_val_00000481.jpg,mask2former,mask2former,0.6645097343623677,0.7984449963183001,0.09641599655151367
ADE_val_00000482.jpg,mask2former,mask2former,0.4280597784076269,0.5994984031900114,0.06888580322265625
ADE_val_00000483.jpg,mask2former,mask2former,0.21050213203940596,0.34779307936411535,0.06944799423217773
ADE_val_00000484.jpg,mask2former,mask2former,0.8935952177625961,0.9438080634977902,0.07211875915527344
ADE_val_00000485.jpg,mask2former,mask2former,0.34580641531245365,0.5139021650928426,0.7580158710479736
ADE_val_00000486.jpg,mask2former,mask2former,0.6079234972677595,0.756159728122345,0.07181715965270996
ADE_val_00000487.jpg,mask2former,mask2former,0.6828898879005962,0.8115681160251083,0.06656956672668457
ADE_val_00000488.jpg,mask2former,mask2former,0.37215510455525513,0.542438829720899,0.06876349449157715
ADE_val_00000962.jpg,mask2former,mask2former,0.7304855336704978,0.8442550017983447,0.0894777774810791
ADE_val_00000963.jpg,mask2former,mask2former,0.4509020724514127,0.6215472167457564,0.07134819030761719
ADE_val_00001457.jpg,mask2former,mask2former,0.47500531934216605,0.6440726865364966,0.10222530364990234
ADE_val_00001458.jpg,mask2former,mask2former,0.5068870157151594,0.6727604796230777,0.07224202156066895
ADE_val_00001459.jpg,mask2former,mask2former,0.909005022127194,0.9523338195457387,0.0770411491394043
ADE_val_00001460.jpg,mask2former,mask2former,0.4018179194921368,0.5732811856731165,0.06939005851745605
ADE_val_00001461.jpg,mask2former,mask2former,0.6300635154290699,0.7730539447884309,0.08269858360290527
ADE_val_00001462.jpg,mask2former,mask2former,0.7497967706457115,0.8570101205170482,0.0952920913696289
ADE_val_00001463.jpg,mask2former,mask2former,0.5710051984647525,0.7269297377535874,0.06833410263061523
ADE_val_00001464.jpg,mask2former,mask2former,0.8575330135753302,0.9233031201149673,0.06481432914733887
ADE_val_00001465.jpg,mask2former,mask2former,0.38204892791720296,0.5528732307516266,0.07746338844299316
ADE_val_00001466.jpg,mask2former,mask2former,0.6210207341776321,0.766209488976938,0.07353615760803223
ADE_val_00001467.jpg,mask2former,mask2former,0.8597368119172089,0.9245790118343716,0.0973360538482666
ADE_val_00001468.jpg,mask2former,mask2former,0.9543465730454831,0.9766400557689343,0.07256770133972168
ADE_val_00001469.jpg,mask2former,mask2former,0.5405998760115791,0.7018043872768895,0.11288809776306152
ADE_val_00001470.jpg,mask2former,mask2former,0.415876994063268,0.5874479150477455,0.06985306739807129
ADE_val_00001471.jpg,mask2former,mask2former,0.8768844752792515,0.9344043139882486,0.10927271842956543
ADE_val_00001472.jpg,mask2former,mask2former,0.6690787398815573,0.8017341829290056,0.07522130012512207
ADE_val_00001473.jpg,mask2former,mask2former,0.8088739495798319,0.8943397628869811,0.06996321678161621
ADE_val_00001474.jpg,mask2former,mask2former,0.6323316501288887,0.7747587937524337,0.07483863830566406
ADE_val_00001475.jpg,mask2former,mask2former,0.3406851176936098,0.5082254038587268,0.08544349670410156
ADE_val_00001476.jpg,mask2former,mask2former,0.8075082615298903,0.8935043658903207,0.08343863487243652
ADE_val_00001477.jpg,mask2former,mask2former,0.3821440590940863,0.5529728346038822,0.07154464721679688
ADE_val_00001478.jpg,mask2former,mask2former,0.32324662894527045,0.4885659587176473,0.08825802803039551
ADE_val_00001479.jpg,mask2former,mask2former,0.6147963424771404,0.7614537218161227,0.06856560707092285
ADE_val_00001480.jpg,mask2former,mask2former,0.25787875379597347,0.4100216384413169,0.07314658164978027
ADE_val_00001481.jpg,mask2former,mask2former,0.5374872734677255,0.6991762244060075,0.06861639022827148
ADE_val_00001482.jpg,mask2former,mask2former,0.2907840189513006,0.4505541046093033,0.08244585990905762
ADE_val_00001483.jpg,mask2former,mask2former,0.7667345464100375,0.8679680237962446,0.06164145469665527
ADE_val_00001484.jpg,mask2former,mask2former,0.6108277556553419,0.7584023226702292,0.07010149955749512
ADE_val_00001485.jpg,mask2former,mask2former,0.31418938820639936,0.47814933072196514,0.0693960189819336
ADE_val_00001486.jpg,mask2former,mask2former,0.40276898208243966,0.5742484859973461,0.06725931167602539
ADE_val_00001487.jpg,mask2former,mask2former,0.6817216063277026,0.8107425197638347,0.0830988883972168
ADE_val_00001962.jpg,mask2former,mask2former,0.6558585353499276,0.792167351676968,0.10502314567565918
ADE_val_00001963.jpg,mask2former,mask2former,0.6948853615520282,0.8199791883454735,0.06963825225830078
ADE_val_00001488.jpg,mask2former,mask2former,0.9185654277953688,0.9575544461372849,0.09865260124206543
ADE_val_00000505.jpg,mask2former,mask2former,0.008500627805279336,0.016857952431380406,0.10052657127380371
ADE_val_00000506.jpg,mask2former,mask2former,0.6407047787860487,0.7810116567833779,0.07251739501953125
ADE_val_00000507.jpg,mask2former,mask2former,0.6892472139719205,0.8160406697978754,0.06699061393737793
ADE_val_00000508.jpg,mask2former,mask2former,0.2999072033406797,0.46142863516709054,0.0702219009399414
ADE_val_00000509.jpg,mask2former,mask2former,0.50251449114374,0.668898029410974,0.07111430168151855
ADE_val_00000510.jpg,mask2former,mask2former,0.8377858807058602,0.9117339397384878,0.07264089584350586
ADE_val_00000511.jpg,mask2former,mask2former,0.5347293118223481,0.6968385990978524,0.0634758472442627
ADE_val_00000512.jpg,mask2former,mask2former,0.6422320015822784,0.7821452766277757,0.07073831558227539
ADE_val_00000513.jpg,mask2former,mask2former,0.6680225414177365,0.800975436279117,0.06897282600402832
ADE_val_00000514.jpg,mask2former,mask2former,0.6518571517451627,0.789241552826145,0.0644221305847168
ADE_val_00000515.jpg,mask2former,mask2former,0.4686641687807278,0.6382182921638359,0.08153247833251953
ADE_val_00000516.jpg,mask2former,mask2former,0.6953162622223152,0.8202791157218723,0.07558226585388184
ADE_val_00000517.jpg,mask2former,mask2former,0.5150514087728639,0.6799127815603785,0.08077049255371094
ADE_val_00000518.jpg,mask2former,mask2former,0.4766575881720184,0.6455898672651411,0.07518553733825684
ADE_val_00000519.jpg,mask2former,mask2former,0.7792152451080657,0.8759089123707884,0.07282137870788574
ADE_val_00000520.jpg,mask2former,mask2former,0.3824100697418329,0.5532512792144931,0.0729060173034668
ADE_val_00000521.jpg,mask2former,mask2former,0.5416780456637004,0.7027122779458213,0.07495427131652832
ADE_val_00000522.jpg,mask2former,mask2former,0.6697451347935373,0.8022124105501295,0.08562040328979492
ADE_val_00000523.jpg,mask2former,mask2former,0.17606765071378777,0.29941755579609297,0.06955480575561523
ADE_val_00000524.jpg,mask2former,mask2former,0.9019402012596829,0.9484422282701787,0.06624341011047363
ADE_val_00000525.jpg,mask2former,mask2former,0.4795062335745634,0.6481976522884282,0.08074188232421875
ADE_val_00000526.jpg,mask2former,mask2former,0.5394646486020338,0.7008470757570354,0.10400938987731934
ADE_val_00000527.jpg,mask2former,mask2former,0.8107234328420876,0.8954690905718128,0.07332992553710938
ADE_val_00000528.jpg,mask2former,mask2former,0.5776568291652981,0.7322971871784348,0.08009672164916992
ADE_val_00000529.jpg,mask2former,mask2former,0.4857170741961397,0.6538486803874703,0.07230138778686523
ADE_val_00000530.jpg,mask2former,mask2former,0.30041656345031864,0.4620312781209754,0.0839688777923584
ADE_val_00000531.jpg,mask2former,mask2former,0.38531534811681145,0.5562853954380952,0.07334184646606445
ADE_val_00000532.jpg,mask2former,mask2former,0.24582364286119462,0.39463634242263845,0.07127904891967773
ADE_val_00000965.jpg,mask2former,mask2former,0.4480381907759378,0.6188209587702304,0.07093119621276855
ADE_val_00000966.jpg,mask2former,mask2former,0.7440372741824834,0.8532355187548964,0.06827592849731445
ADE_val_00000967.jpg,mask2former,mask2former,0.5103539519636621,0.675807086544361,0.0743868350982666
ADE_val_00000968.jpg,mask2former,mask2former,0.4668145324681116,0.6365011010391801,0.07845830917358398
ADE_val_00000969.jpg,mask2former,mask2former,0.3576837880047252,0.5269029374363868,0.10078549385070801
ADE_val_00000970.jpg,mask2former,mask2former,0.6627986150669325,0.7972085243049747,0.11315774917602539
ADE_val_00000971.jpg,mask2former,mask2former,0.8616222654265847,0.9256681996432254,0.09274458885192871
ADE_val_00001504.jpg,mask2former,mask2former,0.21471459903128548,0.353522710935584,0.08298158645629883
ADE_val_00001505.jpg,mask2former,mask2former,0.5518002700344482,0.7111743446496487,0.10711312294006348
ADE_val_00001506.jpg,mask2former,mask2former,0.5183866747248806,0.6828124658283214,0.0807487964630127
ADE_val_00001507.jpg,mask2former,mask2former,0.32658167990069553,0.4923657319391635,0.06961584091186523
ADE_val_00001508.jpg,mask2former,mask2former,0.8542909618399195,0.9214206178217572,0.07786917686462402
ADE_val_00001509.jpg,mask2former,mask2former,0.9568688372494444,0.9779590936655824,0.0746452808380127
ADE_val_00001510.jpg,mask2former,mask2former,0.7186277460126392,0.8362808614953599,0.07412910461425781
ADE_val_00001511.jpg,mask2former,mask2former,0.4852684628804032,0.653442088091354,0.06395077705383301
ADE_val_00001512.jpg,mask2former,mask2former,0.7607253526143325,0.8641045027094137,0.06492900848388672
ADE_val_00001513.jpg,mask2former,mask2former,0.7595033397799483,0.863315598906377,0.07493805885314941
ADE_val_00001514.jpg,mask2former,mask2former,0.7772314698009292,0.874654183214512,0.0672464370727539
ADE_val_00001515.jpg,mask2former,mask2former,0.8945625491240552,0.944347337107084,0.07271027565002441
ADE_val_00001516.jpg,mask2former,mask2former,0.39992055084745765,0.5713474962637861,0.07087516784667969
ADE_val_00001517.jpg,mask2former,mask2former,0.6894633002602008,0.8161921009518394,0.10260200500488281
ADE_val_00001518.jpg,mask2former,mask2former,0.7533239669882859,0.8593094957599686,0.13890433311462402
ADE_val_00001519.jpg,mask2former,mask2former,0.725441213653603,0.8408761862335363,0.08392047882080078
ADE_val_00001520.jpg,mask2former,mask2former,0.8376115533002926,0.911630699965908,3.697681188583374
ADE_val_00001521.jpg,mask2former,mask2former,0.5797267694858056,0.7339582777020411,0.07652163505554199
ADE_val_00001522.jpg,mask2former,mask2former,0.63745812996459,0.7785947234918,0.07930445671081543
ADE_val_00001523.jpg,mask2former,mask2former,0.5060884938772433,0.6720567827649748,0.07442951202392578
ADE_val_00001524.jpg,mask2former,mask2former,0.5200299825102024,0.6842364801928661,0.06951045989990234
ADE_val_00001525.jpg,mask2former,mask2former,0.7942045381797116,0.8852998878104078,0.09964179992675781
ADE_val_00001526.jpg,mask2former,mask2former,0.6377665732245195,0.7788247527470923,0.07838249206542969
ADE_val_00001527.jpg,mask2former,mask2former,0.521871956078987,0.6858289936869054,0.0772092342376709
ADE_val_00001528.jpg,mask2former,mask2former,0.3098506562075728,0.4731083726822527,0.09070181846618652
ADE_val_00001529.jpg,mask2former,mask2former,0.49579592418412427,0.6629192073170732,0.07528877258300781
ADE_val_00001530.jpg,mask2former,mask2former,0.7126151741240353,0.8321953289810388,0.07652640342712402
ADE_val_00001531.jpg,mask2former,mask2former,0.46804530594919835,0.6376442253552562,0.08682823181152344
ADE_val_00001965.jpg,mask2former,mask2former,0.36721589532347954,0.537173238812583,0.0838930606842041
ADE_val_00001966.jpg,mask2former,mask2former,0.6164527651368508,0.7627228935262592,0.07117319107055664
ADE_val_00001967.jpg,mask2former,mask2former,0.41832356376590896,0.5898845291058737,0.10496139526367188
ADE_val_00001968.jpg,mask2former,mask2former,0.6500013853211373,0.7878798055610462,0.11354398727416992
ADE_val_00001969.jpg,mask2former,mask2former,0.4961976523065944,0.663278212663464,0.10693168640136719
ADE_val_00001970.jpg,mask2former,mask2former,0.8514660422178288,0.9197749489349285,0.09587812423706055
ADE_val_00001971.jpg,mask2former,mask2former,0.43265591222175653,0.6039913820629765,0.10840654373168945
ADE_val_00000639.jpg,mask2former,mask2former,0.40391211442629155,0.575409401024152,0.07691669464111328
ADE_val_00000640.jpg,mask2former,mask2former,0.6656557734204793,0.7992717151317924,0.07405829429626465
ADE_val_00000641.jpg,mask2former,mask2former,0.6280516592003526,0.7715377526887957,0.06441879272460938
ADE_val_00001638.jpg,mask2former,mask2former,0.5769614861000515,0.7317382081751688,0.10023188591003418
ADE_val_00001639.jpg,mask2former,mask2former,0.8396097622448122,0.9128129013843299,0.06870508193969727
ADE_val_00001640.jpg,mask2former,mask2former,0.7639653262532309,0.866190865413369,0.06975245475769043
ADE_val_00000688.jpg,mask2former,mask2former,0.5789765892477098,0.733356774496015,0.06705498695373535
ADE_val_00000689.jpg,mask2former,mask2former,0.9431538671768243,0.9707454289732771,0.06775808334350586
ADE_val_00001688.jpg,mask2former,mask2former,0.7088384825967932,0.8296143723538162,0.06373119354248047
ADE_val_00000697.jpg,mask2former,mask2former,0.6634682466659252,0.7976927097895722,0.07754325866699219
ADE_val_00000698.jpg,mask2former,mask2former,0.7062678591308865,0.8278510965923426,0.07338571548461914
ADE_val_00000699.jpg,mask2former,mask2former,0.5647230773471414,0.7218185575745233,0.10192108154296875
ADE_val_00000700.jpg,mask2former,mask2former,0.7438622522513875,0.8531204242663492,0.08725094795227051
ADE_val_00001697.jpg,mask2former,mask2former,0.5628690057945887,0.7203022181739623,0.07644200325012207
ADE_val_00001698.jpg,mask2former,mask2former,0.5797975205889039,0.7340149772773055,0.08838248252868652
ADE_val_00001699.jpg,mask2former,mask2former,0.5701625568385875,0.7262465333354655,0.10552573204040527
ADE_val_00000708.jpg,mask2former,mask2former,0.7583278654228359,0.8625557045818371,0.07311058044433594
ADE_val_00000709.jpg,mask2former,mask2former,0.788305189625756,0.8816226606049575,0.07430791854858398
ADE_val_00001708.jpg,mask2former,mask2former,0.9104617787851054,0.9531326812139453,0.07494807243347168
ADE_val_00001709.jpg,mask2former,mask2former,0.6090383045191523,0.7570215113072256,0.07943367958068848
ADE_val_00000714.jpg,mask2former,mask2former,0.8351063829787234,0.9101449275362319,0.06843686103820801
ADE_val_00000715.jpg,mask2former,mask2former,0.8387070645981716,0.9122791560943521,0.07494688034057617
ADE_val_00000716.jpg,mask2former,mask2former,0.6090330504689594,0.7570174525519586,0.07844305038452148
ADE_val_00000717.jpg,mask2former,mask2former,0.4716537501641928,0.6409846747056775,0.07413053512573242
ADE_val_00000988.jpg,mask2former,mask2former,0.7047596221063774,0.8268140715763624,0.0892341136932373
ADE_val_00001713.jpg,mask2former,mask2former,0.5964603317346123,0.7472285028047473,0.06885027885437012
ADE_val_00001714.jpg,mask2former,mask2former,0.8023484631675347,0.8903366685901001,0.09999275207519531
ADE_val_00001715.jpg,mask2former,mask2former,0.417727151924943,0.5892913193596764,0.06463885307312012
ADE_val_00001716.jpg,mask2former,mask2former,0.6801049509826216,0.8095981749055109,0.08319926261901855
ADE_val_00001987.jpg,mask2former,mask2former,0.5851535336066197,0.7382925643489554,0.09157228469848633
ADE_val_00000734.jpg,mask2former,mask2former,0.857303752435776,0.9231702152235013,0.06868839263916016
ADE_val_00000750.jpg,mask2former,mask2former,0.24057718109756598,0.38784718075294927,0.07031416893005371
ADE_val_00001750.jpg,mask2former,mask2former,0.8776996933884178,0.9348669507471218,0.08039164543151855
ADE_val_00000898.jpg,mask2former,mask2former,0.33215040364089504,0.49866802236908997,0.06701183319091797
ADE_val_00000899.jpg,mask2former,mask2former,0.6546076634938137,0.7912542386169858,0.0627295970916748
ADE_val_00001898.jpg,mask2former,mask2former,0.898867697076678,0.9467407323432717,0.06546878814697266
ADE_val_00000921.jpg,mask2former,mask2former,0.7102596034711159,0.8305868910539479,0.09627556800842285
ADE_val_00000922.jpg,mask2former,mask2former,0.8710207535929737,0.9310647697737484,0.09536600112915039
ADE_val_00001920.jpg,mask2former,mask2former,0.36134453781512604,0.5308641975308642,0.06836628913879395
ADE_val_00001921.jpg,mask2former,mask2former,0.6857371351234967,0.8135754037040416,0.06578683853149414
ADE_val_00000925.jpg,mask2former,mask2former,0.8570018101036696,0.9229951262738147,0.07011628150939941
ADE_val_00000926.jpg,mask2former,mask2former,0.5526564165017507,0.7118850128438928,0.06922745704650879
ADE_val_00001924.jpg,mask2former,mask2former,0.9008016032064128,0.9478123352662098,0.06842565536499023
ADE_val_00001925.jpg,mask2former,mask2former,0.15570703910317005,0.26945762868070594,0.08320379257202148
ADE_val_00000932.jpg,mask2former,mask2former,0.6052805792907087,0.7541118818719543,0.08680963516235352
ADE_val_00000933.jpg,mask2former,mask2former,0.7562158788526057,0.8611878391017245,0.1046445369720459
ADE_val_00001931.jpg,mask2former,mask2former,0.4890304866993032,0.656844156070068,0.06821942329406738
ADE_val_00001932.jpg,mask2former,mask2former,0.6134369597182052,0.76041019889038,0.0833275318145752
