image_file,model_name,segmentation_method,iou,dice_coefficient,boundary_fscore,runtime_sec
ADE_val_00000013.jpg,nyu,nyu,0.6103164394134294,0.7580080839710511,0.38292498105582223,0.23335742950439453
ADE_val_00001012.jpg,nyu,nyu,0.5085889820164374,0.6742578503213488,0.2945347119645495,0.022480487823486328
ADE_val_00001043.jpg,nyu,nyu,0.044851671637105635,0.08585270590002629,0.14705882352941177,0.015158414840698242
ADE_val_00000045.jpg,nyu,nyu,0.6237492419648272,0.7682827198244672,0.3360849056603774,0.031444549560546875
ADE_val_00000046.jpg,nyu,nyu,0.697720750090557,0.821949958558662,0.551912568306011,0.014917850494384766
ADE_val_00000047.jpg,nyu,nyu,0.30808122524747095,0.47104295864989,0.23548098878189216,0.020967483520507812
ADE_val_00000048.jpg,nyu,nyu,0.8781564675770972,0.9351259948112384,0.2770997846374731,0.09727883338928223
ADE_val_00000049.jpg,nyu,nyu,0.44103881775171816,0.6121123349609953,0.09643384680312303,0.0978851318359375
ADE_val_00001045.jpg,nyu,nyu,0.4157933527839197,0.5873644652538196,0.14277286135693218,0.02042984962463379
ADE_val_00001046.jpg,nyu,nyu,0.7219205861189246,0.8385062492876951,0.5547373588610701,0.013039588928222656
ADE_val_00001047.jpg,nyu,nyu,0.37056108762587425,0.5407436282431904,0.1964382083108473,0.03416252136230469
ADE_val_00001048.jpg,nyu,nyu,0.5913950294221066,0.7432410162005643,0.1001932510777464,0.05646777153015137
ADE_val_00001072.jpg,nyu,nyu,0.34437649892544564,0.5123215099352069,0.25066666666666665,0.014934062957763672
ADE_val_00000074.jpg,nyu,nyu,0.8091638161487826,0.8945169132016715,0.392845089436382,0.015807390213012695
ADE_val_00001073.jpg,nyu,nyu,0.561992422337068,0.71958405725965,0.3168257756563246,0.016782522201538086
ADE_val_00001074.jpg,nyu,nyu,0.8670450403540745,0.9287885633328313,0.354444083576919,0.021383285522460938
ADE_val_00000076.jpg,nyu,nyu,0.5175034666806206,0.6820458444323756,0.06097218319752739,0.052117109298706055
ADE_val_00000077.jpg,nyu,nyu,0.3482783294647376,0.5166267555498026,0.25374027528426096,0.015014171600341797
ADE_val_00000078.jpg,nyu,nyu,0.5341782835543638,0.6963705447802151,0.06409162909711222,0.04654669761657715
ADE_val_00000079.jpg,nyu,nyu,0.4471484451126145,0.6179717728651095,0.24831095902430467,0.02507781982421875
ADE_val_00000080.jpg,nyu,nyu,0.5599099760262244,0.71787472947966,0.4534041525832931,0.012732505798339844
ADE_val_00000081.jpg,nyu,nyu,0.8226643492765661,0.9027052617812927,0.24992848678027052,0.05357241630554199
ADE_val_00000082.jpg,nyu,nyu,0.6817234929002636,0.8107438538835872,0.4667802385008518,0.016425132751464844
ADE_val_00000083.jpg,nyu,nyu,0.9186336687715788,0.9575915233049587,0.15646794150731158,0.04977083206176758
ADE_val_00000084.jpg,nyu,nyu,0.547606922277258,0.707682182593847,0.22170129921729112,0.05256843566894531
ADE_val_00000085.jpg,nyu,nyu,0.7708193041526374,0.8705792876156674,0.5630725863284003,0.016745328903198242
ADE_val_00000086.jpg,nyu,nyu,0.7698248194704467,0.8699446532801904,0.48784313725490197,0.013471364974975586
ADE_val_00000087.jpg,nyu,nyu,0.7174891599421863,0.8355093897260327,0.4487201511767737,0.0219113826751709
ADE_val_00000088.jpg,nyu,nyu,0.40030612024920775,0.5717408707432724,0.3229706390328152,0.015666723251342773
ADE_val_00000089.jpg,nyu,nyu,0.585347170293093,0.7384466711917445,0.4083006169377454,0.01348876953125
ADE_val_00000090.jpg,nyu,nyu,0.54552212822419,0.7059389422667105,0.3824343927205592,0.014382123947143555
ADE_val_00000091.jpg,nyu,nyu,0.8428430790730066,0.9147203998475838,0.40123158657329144,0.026163101196289062
ADE_val_00000092.jpg,nyu,nyu,0.33334955448604087,0.5000182485747863,0.2061819764910753,0.024442195892333984
ADE_val_00000093.jpg,nyu,nyu,0.6111542020088977,0.7586538907906749,0.18794483985765123,0.03566288948059082
ADE_val_00000094.jpg,nyu,nyu,0.654281183818476,0.7910156873189342,0.11236355309025217,0.04594779014587402
ADE_val_00000095.jpg,nyu,nyu,0.5642690271304633,0.7214475481440343,0.16245318352059926,0.019120454788208008
ADE_val_00000096.jpg,nyu,nyu,0.7869626372916824,0.8807824191382106,0.2562979189485214,0.05056309700012207
ADE_val_00000097.jpg,nyu,nyu,0.5699078112185024,0.7260398440544885,0.1781331349944217,0.02633523941040039
ADE_val_00000098.jpg,nyu,nyu,0.6067278886940455,0.7552341537896579,0.35136999184901874,0.04800724983215332
ADE_val_00000099.jpg,nyu,nyu,0.5754178131018389,0.7304955019759478,0.28086903221412524,0.03340959548950195
ADE_val_00000100.jpg,nyu,nyu,0.707510254654307,0.8287039597282484,0.2688586274861136,0.04001045227050781
ADE_val_00000101.jpg,nyu,nyu,0.599887633534894,0.7499122075335553,0.08148861084376002,0.05589795112609863
ADE_val_00000102.jpg,nyu,nyu,0.5669344042838019,0.7236223835967536,0.3100818977689918,0.020130634307861328
ADE_val_00000103.jpg,nyu,nyu,0.8087554204118707,0.8942673081004058,0.22300587741393788,0.03759145736694336
ADE_val_00000104.jpg,nyu,nyu,0.6258594583269846,0.7698813758121459,0.09721656483367276,0.03750181198120117
ADE_val_00000105.jpg,nyu,nyu,0.6763610879495823,0.8069396179755806,0.15253759927899513,0.04515695571899414
ADE_val_00000106.jpg,nyu,nyu,0.2348273510631703,0.3803403785330589,0.20406567630961686,0.02019786834716797
ADE_val_00000107.jpg,nyu,nyu,0.4188992531496316,0.5904566546493997,0.19576998705098078,0.05915093421936035
ADE_val_00000108.jpg,nyu,nyu,0.9603107698617028,0.9797536029753603,0.6678004535147393,0.020659446716308594
ADE_val_00000937.jpg,nyu,nyu,0.30578942828095684,0.4683594791903346,0.0223143560184717,0.06103324890136719
ADE_val_00001076.jpg,nyu,nyu,0.6969502331612358,0.8214150533606309,0.1612746744281503,0.06285381317138672
ADE_val_00001077.jpg,nyu,nyu,0.6781891363760277,0.8082392165170917,0.04074517921342194,0.06505393981933594
ADE_val_00001078.jpg,nyu,nyu,0.93975100200313,0.9689398289086318,0.3129251700680272,0.045310258865356445
ADE_val_00001079.jpg,nyu,nyu,0.5871018443027897,0.7398414240526602,0.2699612275744233,0.06754875183105469
ADE_val_00001080.jpg,nyu,nyu,0.29693035642104765,0.4578971491429095,0.10275080906148867,0.027281522750854492
ADE_val_00001081.jpg,nyu,nyu,0.6233139841688654,0.7679524605192154,0.210770258061982,0.06217765808105469
ADE_val_00001082.jpg,nyu,nyu,0.6237501534826457,0.7682834112684347,0.2056904202558079,0.037268877029418945
ADE_val_00001083.jpg,nyu,nyu,0.6314586627049387,0.7741031717689836,0.26596128411686903,0.037081241607666016
ADE_val_00001084.jpg,nyu,nyu,0.8439410418059149,0.9153666225459983,0.42770870337477795,0.04971814155578613
ADE_val_00001085.jpg,nyu,nyu,0.5103979119591092,0.6758456270600659,0.16238710274035942,0.06740927696228027
ADE_val_00001086.jpg,nyu,nyu,0.5150713220718534,0.6799301320910696,0.1280638632786148,0.06925082206726074
ADE_val_00001087.jpg,nyu,nyu,0.03850378678383535,0.07415242442799087,0.1352426412092283,0.03330492973327637
ADE_val_00001088.jpg,nyu,nyu,0.6704780865775243,0.8027379610243195,0.37871956717763755,0.034147024154663086
ADE_val_00001089.jpg,nyu,nyu,0.3996005205338498,0.571020822972301,0.3804185351270553,0.03374671936035156
ADE_val_00001090.jpg,nyu,nyu,0.4524181478826347,0.6229860850226627,0.1644003430111479,0.04952526092529297
ADE_val_00001091.jpg,nyu,nyu,0.7408826833661061,0.8511575081366918,0.19049151315260238,0.04850316047668457
ADE_val_00001092.jpg,nyu,nyu,0.5418307378219251,0.7028407522700514,0.20414050568471068,0.041782379150390625
ADE_val_00001093.jpg,nyu,nyu,0.28978954624711084,0.44935942780790694,0.39624356255680104,0.03480243682861328
ADE_val_00001094.jpg,nyu,nyu,0.4296757223831443,0.6010813720287738,0.03890139576767222,0.09102821350097656
ADE_val_00001095.jpg,nyu,nyu,0.8132025077162449,0.8969792444645197,0.14325763947294645,0.06555461883544922
ADE_val_00001096.jpg,nyu,nyu,0.9290981632224514,0.9632461229141854,0.4330039071477821,0.0555112361907959
ADE_val_00001097.jpg,nyu,nyu,0.6270067949537488,0.7707488338689733,0.17174177831912305,0.06581258773803711
ADE_val_00001098.jpg,nyu,nyu,0.9040094434119565,0.9495850417548193,0.5007949125596185,0.03943514823913574
ADE_val_00001099.jpg,nyu,nyu,0.6939821419136684,0.8193500093568711,0.39204545454545453,0.03336668014526367
ADE_val_00001100.jpg,nyu,nyu,0.5281346084434851,0.6912147732606203,0.041062677327830796,0.07208013534545898
ADE_val_00001101.jpg,nyu,nyu,0.8913228775997273,0.9425390959484429,0.7155655095184771,0.031352996826171875
ADE_val_00001102.jpg,nyu,nyu,0.632434418082026,0.7748359273447366,0.1576522777682989,0.07609248161315918
ADE_val_00001103.jpg,nyu,nyu,0.6843734276609694,0.8126148470667041,0.2529909541873358,0.03505825996398926
ADE_val_00001104.jpg,nyu,nyu,0.5346822677613291,0.6967986520640269,0.26688963210702343,0.03357100486755371
ADE_val_00001105.jpg,nyu,nyu,0.7299636252391086,0.843906327959024,0.3891789962286046,0.056110382080078125
ADE_val_00001106.jpg,nyu,nyu,0.5783119384680024,0.7328233720760475,0.31539961013645224,0.06795549392700195
ADE_val_00001107.jpg,nyu,nyu,0.3126053117226992,0.47631273305214256,0.07475758523615889,0.033100128173828125
ADE_val_00001108.jpg,nyu,nyu,0.5042003487081946,0.6703898840885142,0.2632996632996633,0.03369641304016113
ADE_val_00001937.jpg,nyu,nyu,0.8959706785348788,0.9451313658787643,0.15868148715983135,0.07167434692382812
ADE_val_00001116.jpg,nyu,nyu,0.31401136310278444,0.4779431470992871,0.31513903192584963,0.028690338134765625
ADE_val_00000117.jpg,nyu,nyu,0.582244294895776,0.735972689898849,0.0704453044628423,0.07308077812194824
ADE_val_00000118.jpg,nyu,nyu,0.8471337579617835,0.9172413793103448,0.10305152576288144,0.04288601875305176
ADE_val_00000119.jpg,nyu,nyu,0.6873827155926344,0.8147324365014788,0.4335804448006412,0.0384984016418457
ADE_val_00000120.jpg,nyu,nyu,0.5843968108411024,0.7376899610532112,0.3067271976888155,0.05045199394226074
ADE_val_00000121.jpg,nyu,nyu,0.3793902903742093,0.5500840378850079,0.1158239359767188,0.0528864860534668
ADE_val_00000122.jpg,nyu,nyu,0.5238848990450741,0.6875649195990601,0.2566013963987611,0.0703589916229248
ADE_val_00000123.jpg,nyu,nyu,0.3762975396439772,0.5468258553180564,0.4209670865501829,0.029917478561401367
ADE_val_00000124.jpg,nyu,nyu,0.42447153288381,0.5959705379643173,0.30919386082551037,0.05315756797790527
ADE_val_00000125.jpg,nyu,nyu,0.3500478583992744,0.5185710361621096,0.23646071700991608,0.03495192527770996
ADE_val_00000126.jpg,nyu,nyu,0.5023682726508724,0.6687684794680366,0.257564066117045,0.0707550048828125
ADE_val_00000127.jpg,nyu,nyu,0.6072492036694039,0.7556378964544311,0.3785557986870897,0.040363311767578125
ADE_val_00000128.jpg,nyu,nyu,0.5798265789366173,0.7340382630185891,0.12773568033134092,0.08158588409423828
ADE_val_00000129.jpg,nyu,nyu,0.5442769897557131,0.704895550948812,0.33142857142857146,0.03959369659423828
ADE_val_00000130.jpg,nyu,nyu,0.5423594257414664,0.7032853907975894,0.35816867469879515,0.04117298126220703
ADE_val_00000131.jpg,nyu,nyu,0.6644102564102564,0.7983731821543012,0.5876993166287017,0.03493070602416992
ADE_val_00000132.jpg,nyu,nyu,0.787349502661724,0.8810246697573157,0.26558217664220674,0.046407222747802734
ADE_val_00000133.jpg,nyu,nyu,0.7332120860142746,0.8460731285348722,0.2830701136706569,0.04610323905944824
ADE_val_00000134.jpg,nyu,nyu,0.6142846188480996,0.7610611061715162,0.25637491385251554,0.048155784606933594
ADE_val_00000135.jpg,nyu,nyu,0.5722378174849977,0.7279278123463125,0.3622146550636902,0.037919044494628906
ADE_val_00000136.jpg,nyu,nyu,0.5759162303664922,0.7308970099667774,0.4677345537757437,0.03329133987426758
ADE_val_00000137.jpg,nyu,nyu,0.586141486275385,0.7390784382694336,0.45683621091927207,0.03453636169433594
ADE_val_00000138.jpg,nyu,nyu,0.5732872870873317,0.7287763548241384,0.34371766869755144,0.038687944412231445
ADE_val_00000139.jpg,nyu,nyu,0.5039892829652437,0.6702032902409858,0.29661129568106315,0.03152155876159668
ADE_val_00000140.jpg,nyu,nyu,0.4987009803921569,0.6655109817325462,0.3875455448824114,0.030685901641845703
ADE_val_00000141.jpg,nyu,nyu,0.7416920325304261,0.8516913652672052,0.28391571085622835,0.06788182258605957
ADE_val_00000142.jpg,nyu,nyu,0.573591489840716,0.7290221045854496,0.5676435166599759,0.02754950523376465
ADE_val_00000143.jpg,nyu,nyu,0.6350410051519293,0.7767890874307716,0.3741541148220913,0.033332109451293945
ADE_val_00000144.jpg,nyu,nyu,0.6109690613713475,0.7585112290750715,0.2583793599152607,0.06476449966430664
ADE_val_00000145.jpg,nyu,nyu,0.8205280921183244,0.9014176663031624,0.509162951956414,0.031392574310302734
ADE_val_00000146.jpg,nyu,nyu,0.5451343754513438,0.7056141965544019,0.5037237643872715,0.033356428146362305
ADE_val_00000147.jpg,nyu,nyu,0.5525308499303798,0.7117808318657977,0.3381020505484025,0.03224968910217285
ADE_val_00000148.jpg,nyu,nyu,0.9101286281904505,0.9529500943113508,0.7588757396449705,0.027795791625976562
ADE_val_00000149.jpg,nyu,nyu,0.9318675896227953,0.9647323601559525,0.41941725472342367,0.06925320625305176
ADE_val_00000150.jpg,nyu,nyu,0.7528252906916587,0.858984970937516,0.38722227910310225,0.03923988342285156
ADE_val_00000151.jpg,nyu,nyu,0.47866435385949696,0.6474280016423251,0.3805616913852951,0.03683042526245117
ADE_val_00000152.jpg,nyu,nyu,0.6975829117481731,0.8218543046357616,0.5680000000000001,0.03096318244934082
ADE_val_00000153.jpg,nyu,nyu,0.750503441646377,0.8574715408048741,0.3543596016075484,0.04221200942993164
ADE_val_00000154.jpg,nyu,nyu,0.39824650936705325,0.5696370514056612,0.11263707015862877,0.07926559448242188
ADE_val_00000155.jpg,nyu,nyu,0.36174913593209956,0.531300701996755,0.3864589574595566,0.031854867935180664
ADE_val_00000156.jpg,nyu,nyu,0.7471982426582775,0.8553102039771419,0.4388435878428466,0.04202103614807129
ADE_val_00000157.jpg,nyu,nyu,0.34710803295426207,0.5153380790003014,0.16473226061725138,0.07056641578674316
ADE_val_00000158.jpg,nyu,nyu,0.3374801088621526,0.5046506585421451,0.07568862275449102,0.03782224655151367
ADE_val_00000159.jpg,nyu,nyu,0.6307882947288151,0.773599242486235,0.4589523064894449,0.03699445724487305
ADE_val_00000160.jpg,nyu,nyu,0.64587250882264,0.7848390508504928,0.3800197266450613,0.05511879920959473
ADE_val_00000161.jpg,nyu,nyu,0.7208257165086374,0.8377672527710848,0.4489225393127547,0.04691720008850098
ADE_val_00000162.jpg,nyu,nyu,0.5126460885354065,0.6778136570356219,0.47717041800643084,0.040315866470336914
ADE_val_00000163.jpg,nyu,nyu,0.4782147730206144,0.6470166335077554,0.24771404821280135,0.04530787467956543
ADE_val_00000164.jpg,nyu,nyu,0.5454730830259218,0.7058978755656177,0.3416102332580888,0.08237576484680176
ADE_val_00000165.jpg,nyu,nyu,0.6795842150300827,0.809229104380349,0.219017094017094,0.04983377456665039
ADE_val_00000166.jpg,nyu,nyu,0.5848089334011729,0.7380182192008586,0.26916190638588117,0.09574127197265625
ADE_val_00000167.jpg,nyu,nyu,0.3511343234862086,0.5197622729029764,0.299079754601227,0.04193544387817383
ADE_val_00000168.jpg,nyu,nyu,0.9151817211593563,0.9557126731612189,0.41416594126540524,0.08736753463745117
ADE_val_00000169.jpg,nyu,nyu,0.6236787466968667,0.7682292423493854,0.43001163241566503,0.03339099884033203
ADE_val_00000170.jpg,nyu,nyu,0.6386081885306004,0.7794519678352927,0.29530723360124445,0.06873273849487305
ADE_val_00000171.jpg,nyu,nyu,0.5844382224987531,0.7377229534100224,0.21320309868642642,0.03284931182861328
ADE_val_00000172.jpg,nyu,nyu,0.3965812530747889,0.5679315144774486,0.16674152256905456,0.06847691535949707
ADE_val_00000173.jpg,nyu,nyu,0.3643495577630668,0.5341000122585005,0.3012975588299978,0.03327631950378418
ADE_val_00000174.jpg,nyu,nyu,0.9482650724117447,0.9734456423200089,0.6207936876305408,0.04677271842956543
ADE_val_00000175.jpg,nyu,nyu,0.4878718155414137,0.6557981815979015,0.3175091951073475,0.040099382400512695
ADE_val_00000176.jpg,nyu,nyu,0.6413166055821822,0.7814660540215571,0.43810039236909754,0.0366823673248291
ADE_val_00000177.jpg,nyu,nyu,0.900834551828511,0.9478305736414058,0.6254430878298541,0.040152549743652344
ADE_val_00000178.jpg,nyu,nyu,0.4667734605421045,0.6364629209606639,0.23488649940262843,0.06699442863464355
ADE_val_00000179.jpg,nyu,nyu,0.6054368769955273,0.754233175618295,0.3073903002309469,0.04094862937927246
ADE_val_00000180.jpg,nyu,nyu,0.8279369185320185,0.9058703395486086,0.6668764422068386,0.04442477226257324
ADE_val_00000181.jpg,nyu,nyu,0.3551315421515693,0.5241285160962601,0.4484014569000404,0.036717891693115234
ADE_val_00000182.jpg,nyu,nyu,0.5744814341568667,0.7297404995626398,0.32419676892357957,0.06834983825683594
ADE_val_00000183.jpg,nyu,nyu,0.42256810222325064,0.5940919124544449,0.2139649338665026,0.07964324951171875
ADE_val_00000184.jpg,nyu,nyu,0.8026257895529484,0.8905073856199515,0.2600495107862784,0.0514373779296875
ADE_val_00000939.jpg,nyu,nyu,0.7189658093872305,0.836509726326115,0.3838994511176518,0.04934263229370117
ADE_val_00000940.jpg,nyu,nyu,0.714274732297897,0.8333258594326343,0.35250101667344447,0.0843501091003418
ADE_val_00001117.jpg,nyu,nyu,0.6842994052709177,0.8125626633001736,0.1605388097604063,0.08327245712280273
ADE_val_00001118.jpg,nyu,nyu,0.8237618461365052,0.9033655878716613,0.40712161055308876,0.10326480865478516
ADE_val_00001119.jpg,nyu,nyu,0.7343228117053345,0.8468121467920791,0.43460942686435056,0.048377037048339844
ADE_val_00001120.jpg,nyu,nyu,0.5195888364091295,0.6838545058503404,0.10567671584348941,0.05224967002868652
ADE_val_00001121.jpg,nyu,nyu,0.5835738518405995,0.7370339579203172,0.27920962199312716,0.03410053253173828
ADE_val_00001122.jpg,nyu,nyu,0.5042358263387675,0.6704212431451677,0.2748063216609854,0.079986572265625
ADE_val_00001123.jpg,nyu,nyu,0.8842881625657976,0.9385912198924818,0.7111756168359942,0.033901214599609375
ADE_val_00001124.jpg,nyu,nyu,0.7081991511664776,0.8291763295665728,0.2803895635445473,0.04025626182556152
ADE_val_00001125.jpg,nyu,nyu,0.7620896193466026,0.864983949714421,0.40538219295734323,0.05012392997741699
ADE_val_00001126.jpg,nyu,nyu,0.7926517203228193,0.8843343203107843,0.5401822700911351,0.03886914253234863
ADE_val_00001127.jpg,nyu,nyu,0.709799463789156,0.8302721796580058,0.17894298793175198,0.14209628105163574
ADE_val_00001128.jpg,nyu,nyu,0.7562406368088008,0.861203893087154,0.4379459173786664,0.052669525146484375
ADE_val_00001129.jpg,nyu,nyu,0.6516674022490416,0.7891024565377744,0.219498224309772,0.07302141189575195
ADE_val_00001130.jpg,nyu,nyu,0.8695733861580248,0.9302372322971488,0.5273433399811064,0.04444241523742676
ADE_val_00001131.jpg,nyu,nyu,0.6437812136029734,0.7832930663465625,0.23255413491755994,0.07773661613464355
ADE_val_00001132.jpg,nyu,nyu,0.7971828407880724,0.8871471757859699,0.5437185929648242,0.041754722595214844
ADE_val_00001133.jpg,nyu,nyu,0.391118332612482,0.5623077828008671,0.39702760084925687,0.04756593704223633
ADE_val_00001134.jpg,nyu,nyu,0.5662223450054101,0.7230420978363123,0.5580715850986122,0.03990936279296875
ADE_val_00001135.jpg,nyu,nyu,0.5646489737220551,0.7217580213903744,0.4494609164420485,0.041094064712524414
ADE_val_00001136.jpg,nyu,nyu,0.778747086855195,0.8756130566397847,0.3455925277291302,0.04203391075134277
ADE_val_00001137.jpg,nyu,nyu,0.7376354802541423,0.8490106108402639,0.6578947368421053,0.031427621841430664
ADE_val_00001138.jpg,nyu,nyu,0.23484513531752496,0.38036370489022897,0.3402197802197802,0.03170657157897949
ADE_val_00001139.jpg,nyu,nyu,0.5544455473025369,0.7133676033421413,0.3134062579496311,0.07609200477600098
ADE_val_00001140.jpg,nyu,nyu,0.5645182673800143,0.7216512317563057,0.23090836012861737,0.06181621551513672
ADE_val_00001141.jpg,nyu,nyu,0.646756329113924,0.7854912322844103,0.29383506805444354,0.042955875396728516
ADE_val_00001142.jpg,nyu,nyu,0.5252657077832575,0.6887530547666368,0.2814297840233896,0.03763389587402344
ADE_val_00001143.jpg,nyu,nyu,0.5347656668930755,0.6968694679959005,0.47461289160965064,0.026005268096923828
ADE_val_00001144.jpg,nyu,nyu,0.5356862612745635,0.6976506527185619,0.4226752859273993,0.0283200740814209
ADE_val_00001145.jpg,nyu,nyu,0.590620572828701,0.7426291133382779,0.26825045686255655,0.06247544288635254
ADE_val_00001146.jpg,nyu,nyu,0.6076360791567085,0.7559373505419786,0.1207295620775854,0.0669240951538086
ADE_val_00001147.jpg,nyu,nyu,0.5278338098740809,0.6909571007825559,0.06064554338169973,0.06294393539428711
ADE_val_00001148.jpg,nyu,nyu,0.5263104990702115,0.6896506305772334,0.4347477982385909,0.026745080947875977
ADE_val_00001149.jpg,nyu,nyu,0.7493198395138837,0.8566984979969258,0.5051978843698705,0.028820037841796875
ADE_val_00001150.jpg,nyu,nyu,0.6323975558689057,0.7748082611313247,0.39017199017199017,0.032164573669433594
ADE_val_00001151.jpg,nyu,nyu,0.2062393153317689,0.3419542253521127,0.1827462991322103,0.041918277740478516
ADE_val_00001152.jpg,nyu,nyu,0.42323753640568784,0.5947531955551878,0.18588490770901192,0.03519582748413086
ADE_val_00001153.jpg,nyu,nyu,0.8669836851875952,0.9287533598350436,0.4836938973199871,0.08099246025085449
ADE_val_00001154.jpg,nyu,nyu,0.6206886486802036,0.7659566804341562,0.5043017868960953,0.0362248420715332
ADE_val_00001155.jpg,nyu,nyu,0.7421397900763359,0.8519864987916008,0.5783772736562436,0.03510928153991699
ADE_val_00001156.jpg,nyu,nyu,0.8531540847983454,0.9207589285714286,0.5464520848573519,0.03384232521057129
ADE_val_00001157.jpg,nyu,nyu,0.4652873490485635,0.6350800057759083,0.1359286083807553,0.06783413887023926
ADE_val_00001158.jpg,nyu,nyu,0.19060103335858564,0.3201761598021062,0.19953441968739608,0.03900933265686035
ADE_val_00001159.jpg,nyu,nyu,0.2892034650327488,0.4486544953948015,0.129469326307866,0.03498721122741699
ADE_val_00001160.jpg,nyu,nyu,0.8634737168191029,0.9267356003207045,0.2905342804200124,0.08289575576782227
ADE_val_00001161.jpg,nyu,nyu,0.7549177591950326,0.8603454552096022,0.2669413193894259,0.058358192443847656
ADE_val_00001162.jpg,nyu,nyu,0.5645069871982801,0.7216420147911253,0.3053080201472298,0.036429643630981445
ADE_val_00001163.jpg,nyu,nyu,0.3547482342684729,0.5237109380105999,0.1798443654529734,0.0597536563873291
ADE_val_00001164.jpg,nyu,nyu,0.6464675589410723,0.7852782223742675,0.32727272727272727,0.03905153274536133
ADE_val_00001165.jpg,nyu,nyu,0.6035562893222078,0.7527721893408799,0.4749490112618604,0.047585248947143555
ADE_val_00001166.jpg,nyu,nyu,0.5818828067883087,0.7356838373756693,0.3415204678362573,0.039673566818237305
ADE_val_00001167.jpg,nyu,nyu,0.835306188368072,0.9102635774478746,0.26852474771744356,0.05314779281616211
ADE_val_00001168.jpg,nyu,nyu,0.7244530659333046,0.8402119840138621,0.19850358833409681,0.04645276069641113
ADE_val_00001169.jpg,nyu,nyu,0.7595215064062478,0.8633273348929278,0.5159265072477149,0.05634570121765137
ADE_val_00001170.jpg,nyu,nyu,0.37920754281628644,0.5498919213303602,0.2784026661905612,0.07059383392333984
ADE_val_00001171.jpg,nyu,nyu,0.5273418339038204,0.6905354416384409,0.34557054701391066,0.04558706283569336
ADE_val_00001172.jpg,nyu,nyu,0.4809160619931413,0.6494845647711918,0.19035353210122996,0.07021284103393555
ADE_val_00001173.jpg,nyu,nyu,0.7482741709656406,0.8560146725182577,0.19077568134171907,0.04535412788391113
ADE_val_00001174.jpg,nyu,nyu,0.29514356213548676,0.45576964710976403,0.2779003087781209,0.03382372856140137
ADE_val_00001175.jpg,nyu,nyu,0.44734230269096764,0.6181568822513479,0.35020174848688634,0.04795336723327637
ADE_val_00001176.jpg,nyu,nyu,0.7581366390679334,0.8624319887558404,0.43994477680625865,0.04779458045959473
ADE_val_00001177.jpg,nyu,nyu,0.6363636363636364,0.7777777777777778,0.3826429980276134,0.03415679931640625
ADE_val_00001178.jpg,nyu,nyu,0.524832442201973,0.6883804773252009,0.3005412289079911,0.03573870658874512
ADE_val_00001179.jpg,nyu,nyu,0.5745988435473897,0.7298352160006478,0.2730808597748209,0.03760242462158203
ADE_val_00001180.jpg,nyu,nyu,0.7408802158251174,0.8511558797558805,0.5577105014191106,0.03669905662536621
ADE_val_00001181.jpg,nyu,nyu,0.5349868262235644,0.6970572217088797,0.3775465337827935,0.042337656021118164
ADE_val_00001182.jpg,nyu,nyu,0.6565221562631168,0.79265122266054,0.09276710316974666,0.057927846908569336
ADE_val_00001183.jpg,nyu,nyu,0.9439257685899528,0.9711541292799872,0.19418492971273904,0.07690882682800293
ADE_val_00001184.jpg,nyu,nyu,0.8078624265995576,0.8937211313352877,0.36886776438635205,0.04026484489440918
ADE_val_00001939.jpg,nyu,nyu,0.3212644330171402,0.4862984653019454,0.2314807235818941,0.046057939529418945
ADE_val_00000195.jpg,nyu,nyu,0.40923410569569685,0.5807893862938694,0.2599876314162029,0.034070730209350586
ADE_val_00001194.jpg,nyu,nyu,0.17860230640519953,0.3030747614094633,0.43111495246326714,0.03340792655944824
ADE_val_00001195.jpg,nyu,nyu,0.47582552424302665,0.6448262567990004,0.29901497773579816,0.03800010681152344
ADE_val_00000244.jpg,nyu,nyu,0.5976277009850651,0.7481438893636858,0.34099722991689746,0.03690195083618164
ADE_val_00000245.jpg,nyu,nyu,0.8724089523503931,0.9318572753620705,0.4218928164196123,0.04602932929992676
ADE_val_00000246.jpg,nyu,nyu,0.49075254258801876,0.6583957143363962,0.2946366055174346,0.03539395332336426
ADE_val_00001243.jpg,nyu,nyu,0.5496381948408241,0.7093761584745683,0.406145966709347,0.03683972358703613
ADE_val_00001244.jpg,nyu,nyu,0.73998353852618,0.8505638382682276,0.43127364438839855,0.03558182716369629
ADE_val_00001245.jpg,nyu,nyu,0.5190676685670541,0.68340295736357,0.23963008295933635,0.034323930740356445
ADE_val_00001246.jpg,nyu,nyu,0.7211599126425625,0.8379929224999647,0.324812030075188,0.03186655044555664
ADE_val_00000255.jpg,nyu,nyu,0.5816191108161911,0.7354730438430879,0.3091832025842178,0.03366851806640625
ADE_val_00000256.jpg,nyu,nyu,0.5414804332291827,0.7025459701682467,0.214164944580124,0.0425419807434082
ADE_val_00000257.jpg,nyu,nyu,0.1235489842890023,0.21992629785907528,0.479679802955665,0.03290724754333496
ADE_val_00000258.jpg,nyu,nyu,0.6514459195224863,0.7889400577051305,0.39152833428734973,0.03522324562072754
ADE_val_00001255.jpg,nyu,nyu,0.4159358360553045,0.5875066164213654,0.26590693257359926,0.03703665733337402
ADE_val_00001256.jpg,nyu,nyu,0.8966891477621092,0.9455309519961209,0.9232558139534883,0.03297710418701172
ADE_val_00001257.jpg,nyu,nyu,0.33530247156683735,0.5022120136921413,0.3082322910019145,0.031135082244873047
ADE_val_00000302.jpg,nyu,nyu,0.48935432615917956,0.6571362066958917,0.2744607689903094,0.030430316925048828
ADE_val_00000303.jpg,nyu,nyu,0.5129956034051285,0.6781190933411666,0.1356849570735349,0.0409088134765625
ADE_val_00001301.jpg,nyu,nyu,0.283216974425345,0.44141712597306665,0.4044943820224719,0.030567646026611328
ADE_val_00001302.jpg,nyu,nyu,0.3245113837611883,0.4900092030008528,0.29116383116500855,0.048681020736694336
ADE_val_00000307.jpg,nyu,nyu,0.24477109369941075,0.3932788846694064,0.31350892098555655,0.030409812927246094
ADE_val_00000308.jpg,nyu,nyu,0.3475266806886344,0.5157993317223757,0.31456720619282197,0.031139612197875977
ADE_val_00000309.jpg,nyu,nyu,0.5949651280913072,0.746054089349654,0.3421937060800489,0.033219337463378906
ADE_val_00000310.jpg,nyu,nyu,0.3215656675764358,0.48664349485734093,0.08999540169480393,0.048918962478637695
ADE_val_00000311.jpg,nyu,nyu,0.37937144200849815,0.5500642255665329,0.24525843347328793,0.03456473350524902
ADE_val_00000312.jpg,nyu,nyu,0.6490504148818261,0.7871808029936286,0.16585591846189482,0.04198408126831055
ADE_val_00000313.jpg,nyu,nyu,0.2694329511290636,0.4244933942977037,0.08928373126041088,0.04898977279663086
ADE_val_00000314.jpg,nyu,nyu,0.4576709261260458,0.6279482123477171,0.39731937941797485,0.04676651954650879
ADE_val_00000315.jpg,nyu,nyu,0.32303086196203434,0.48831946593140624,0.14761061946902654,0.04810905456542969
ADE_val_00000316.jpg,nyu,nyu,0.5218947002208516,0.6858486334765688,0.25354394491697047,0.05093836784362793
ADE_val_00000317.jpg,nyu,nyu,0.27269911122891843,0.4285366569724405,0.03360226233053314,0.06391048431396484
ADE_val_00000318.jpg,nyu,nyu,0.671386540692856,0.8033887127205651,0.2652537646402677,0.05149245262145996
ADE_val_00000319.jpg,nyu,nyu,0.3719812542800802,0.5422541352072189,0.21901517497677297,0.07818365097045898
ADE_val_00000320.jpg,nyu,nyu,0.4326637945504392,0.6039990627196751,0.24211204121056018,0.042098045349121094
ADE_val_00000321.jpg,nyu,nyu,0.6574178832668817,0.7933037164665642,0.266948257655755,0.05244612693786621
ADE_val_00000322.jpg,nyu,nyu,0.34609339463721844,0.5142189925543659,0.25284601557819053,0.5790536403656006
ADE_val_00000323.jpg,nyu,nyu,0.5393102772058103,0.7007167888007324,0.09791044776119404,0.02280569076538086
ADE_val_00000324.jpg,nyu,nyu,0.3593246700995773,0.5286811576416913,0.23039909425417496,0.020094633102416992
ADE_val_00000949.jpg,nyu,nyu,0.6477968264020587,0.786258130884393,0.33071290597906655,0.04508042335510254
ADE_val_00000950.jpg,nyu,nyu,0.6285579045327505,0.7719196262942705,0.28306247999715517,0.04560685157775879
ADE_val_00000951.jpg,nyu,nyu,0.6616967609220923,0.7964109655661965,0.21265512486594146,0.0475001335144043
ADE_val_00001306.jpg,nyu,nyu,0.48728831543652645,0.6552708178756921,0.3965065502183406,0.012775182723999023
ADE_val_00001307.jpg,nyu,nyu,0.23769566744291507,0.3840938830043663,0.06748025843503232,0.017188072204589844
ADE_val_00001308.jpg,nyu,nyu,0.3879461709416402,0.5590219261579019,0.18387886481095295,0.019318580627441406
ADE_val_00001309.jpg,nyu,nyu,0.565293121301268,0.7222840420218871,0.2624184091160527,0.02277231216430664
ADE_val_00001310.jpg,nyu,nyu,0.2492956588917928,0.39909793509237745,0.24948746254533982,0.018262386322021484
ADE_val_00001311.jpg,nyu,nyu,0.43389944473364567,0.6052020541987793,0.2541768349915525,0.016837120056152344
ADE_val_00001312.jpg,nyu,nyu,0.6286559012842492,0.7719935202869227,0.2862203990303934,0.020129919052124023
ADE_val_00001313.jpg,nyu,nyu,0.4347362713385562,0.6060155863111528,0.3304347826086957,0.013005495071411133
ADE_val_00001314.jpg,nyu,nyu,0.6068147582373284,0.7553014498111812,0.35910708508573275,0.01298666000366211
ADE_val_00001315.jpg,nyu,nyu,0.6787351947717023,0.8086268720469711,0.5576513969649695,0.01623678207397461
ADE_val_00001316.jpg,nyu,nyu,0.3379557098700089,0.5051822080162033,0.4189526184538654,0.018298864364624023
ADE_val_00001317.jpg,nyu,nyu,0.42045411034958075,0.5919995687099034,0.2060390763765542,0.018438339233398438
ADE_val_00001318.jpg,nyu,nyu,0.5253130590339893,0.6887937606286284,0.34381436221337364,0.021511077880859375
ADE_val_00001319.jpg,nyu,nyu,0.5033019012808305,0.6695952434464582,0.34663234663234666,0.018731117248535156
ADE_val_00001320.jpg,nyu,nyu,0.5300596557013806,0.6928614237049481,0.25750292321683776,0.0242919921875
ADE_val_00001321.jpg,nyu,nyu,0.225737931565836,0.36832984564239424,0.2635876288659794,0.04085969924926758
ADE_val_00001322.jpg,nyu,nyu,0.9114942274547962,0.9536981219854106,0.20779016805402856,0.05424189567565918
ADE_val_00001323.jpg,nyu,nyu,0.7030306575781065,0.8256230202900657,0.251488713474588,0.046839237213134766
ADE_val_00001324.jpg,nyu,nyu,0.4238598059481908,0.5953673306564474,0.4306764902880107,0.02143692970275879
ADE_val_00001949.jpg,nyu,nyu,0.7669404952432336,0.8680999697589228,0.38921136134974066,0.06171584129333496
ADE_val_00001950.jpg,nyu,nyu,0.6711884265264744,0.8032468581912378,0.2636505460218409,0.04432988166809082
ADE_val_00000330.jpg,nyu,nyu,0.4217103904152035,0.5932437341082456,0.4048149799375836,0.021795272827148438
ADE_val_00000331.jpg,nyu,nyu,0.8805405766579969,0.9364760192761699,0.47677434567319027,0.0311434268951416
ADE_val_00000332.jpg,nyu,nyu,0.41727469725466293,0.5888409608425895,0.12251192828570051,0.05842399597167969
ADE_val_00001329.jpg,nyu,nyu,0.32887649494974647,0.4949692408581332,0.3431058176820888,0.025075197219848633
ADE_val_00001330.jpg,nyu,nyu,0.6763279680918075,0.8069160462217702,0.32412075563384557,0.04509854316711426
ADE_val_00001331.jpg,nyu,nyu,0.4747593354320196,0.6438465233284215,0.1957760643647335,0.0564570426940918
ADE_val_00000373.jpg,nyu,nyu,0.6181855374859364,0.7640477845901018,0.3727729556875286,0.031041860580444336
ADE_val_00000374.jpg,nyu,nyu,0.7151745873248666,0.8339379473203532,0.25339228540936115,0.031094074249267578
ADE_val_00000375.jpg,nyu,nyu,0.7090926868797384,0.8297884512914474,0.16257195002105854,0.06987357139587402
ADE_val_00000376.jpg,nyu,nyu,0.5071345371444784,0.6729784563298916,0.09847828776444388,0.4661672115325928
ADE_val_00000377.jpg,nyu,nyu,0.6767443600445971,0.8072123290476999,0.140152546989921,0.03943324089050293
ADE_val_00001372.jpg,nyu,nyu,0.7836479931979362,0.8787025199887326,0.3064124783362218,0.014725923538208008
ADE_val_00001373.jpg,nyu,nyu,0.6558673345917428,0.792173770072526,0.23034522773426166,0.022020816802978516
ADE_val_00001374.jpg,nyu,nyu,0.811800232157515,0.8961255416010327,0.12851106139696744,0.048555850982666016
ADE_val_00001375.jpg,nyu,nyu,0.6578345754446434,0.7936070162708573,0.19746053203302275,0.04429125785827637
ADE_val_00001376.jpg,nyu,nyu,0.6325041984495423,0.7748882962141942,0.20667789557118796,0.019242525100708008
ADE_val_00000378.jpg,nyu,nyu,0.8335470296215932,0.9092180523928206,0.35433223492924987,0.015733718872070312
ADE_val_00000379.jpg,nyu,nyu,0.6202394188718405,0.7656145278871294,0.20281416787967008,0.015667438507080078
ADE_val_00000380.jpg,nyu,nyu,0.7641123240448147,0.8662853420725873,0.5606694560669456,0.012861013412475586
ADE_val_00001378.jpg,nyu,nyu,0.7044791757618092,0.8266210415236612,0.3221022789226911,0.0184171199798584
ADE_val_00001379.jpg,nyu,nyu,0.5806076436266292,0.7346638439561795,0.2945793027924804,0.016292572021484375
ADE_val_00001380.jpg,nyu,nyu,0.630070946509669,0.7730595381247495,0.18348198772153365,0.0208742618560791
ADE_val_00000420.jpg,nyu,nyu,0.4446122373151306,0.6155454395727121,0.04819277108433735,0.04472613334655762
ADE_val_00000421.jpg,nyu,nyu,0.6778189785943031,0.8079762921291878,0.42000000000000004,0.012158393859863281
ADE_val_00000422.jpg,nyu,nyu,0.6191918782640015,0.7648159388346996,0.3260783188380204,0.05077672004699707
ADE_val_00000423.jpg,nyu,nyu,0.4572210926356924,0.6275246699987185,0.16331742724645476,0.028163909912109375
ADE_val_00000424.jpg,nyu,nyu,0.6277546818187741,0.7713136246272092,0.30486273102458283,0.028548240661621094
ADE_val_00001420.jpg,nyu,nyu,0.3267038031834286,0.49250450989814326,0.301465901848311,0.01867532730102539
ADE_val_00001421.jpg,nyu,nyu,0.5490055732632482,0.7088490612808744,0.3192911800241643,0.023584604263305664
ADE_val_00001422.jpg,nyu,nyu,0.8373174514304299,0.9114564832316185,0.33023920028561227,0.04081845283508301
ADE_val_00001423.jpg,nyu,nyu,0.38405445138443295,0.5549701473092673,0.3197637292464879,0.043541908264160156
ADE_val_00001958.jpg,nyu,nyu,0.2922737306843267,0.45234028015032457,0.4021838034576888,0.0175015926361084
ADE_val_00000425.jpg,nyu,nyu,0.4911883696861749,0.6587878227477686,0.09081859980091955,0.059987783432006836
ADE_val_00001424.jpg,nyu,nyu,0.5113527587395184,0.676682205107418,0.4547548535702534,0.021869182586669922
ADE_val_00000430.jpg,nyu,nyu,0.7889351827435261,0.8820165094339623,0.5260924904539669,0.019665956497192383
ADE_val_00000431.jpg,nyu,nyu,0.3366006444489511,0.5036667397204848,0.5307722461779694,0.018360137939453125
ADE_val_00000432.jpg,nyu,nyu,0.6571997845988153,0.7931449070975037,0.3718109577582601,0.01936507225036621
ADE_val_00000433.jpg,nyu,nyu,0.7649814605250126,0.8668436214592993,0.33858903298713877,0.06437325477600098
ADE_val_00000434.jpg,nyu,nyu,0.8089535760390242,0.8943884318030424,0.49219292158223454,0.04436326026916504
ADE_val_00000959.jpg,nyu,nyu,0.866477551470949,0.9284628693102558,0.22719508028698324,0.06570982933044434
ADE_val_00000960.jpg,nyu,nyu,0.6719284608651455,0.8037765689058892,0.3380985791966322,0.06103777885437012
ADE_val_00000961.jpg,nyu,nyu,0.8710501430729365,0.931081560050934,0.3725953856969388,0.060430049896240234
ADE_val_00001429.jpg,nyu,nyu,0.5862039104233144,0.7391280611165214,0.37084493964716814,0.05801725387573242
ADE_val_00001430.jpg,nyu,nyu,0.7660660685288763,0.8675395356720774,0.22635926519541363,0.05800771713256836
ADE_val_00001431.jpg,nyu,nyu,0.49657584146874545,0.6636160062311363,0.2188708430007734,0.024350404739379883
ADE_val_00001432.jpg,nyu,nyu,0.5252347374182338,0.6887264294901899,0.06879696951182256,0.06590628623962402
ADE_val_00001433.jpg,nyu,nyu,0.48623938447681003,0.6543217594088685,0.15229686853359084,0.03977060317993164
ADE_val_00001434.jpg,nyu,nyu,0.9615052048141356,0.98037486972179,0.5682562277580071,0.04739570617675781
ADE_val_00001959.jpg,nyu,nyu,0.5836113748283941,0.7370638833553924,0.12493374108053007,0.8693618774414062
ADE_val_00001960.jpg,nyu,nyu,0.48537264433670585,0.6535365333235275,0.16993767661518214,0.04210972785949707
ADE_val_00001437.jpg,nyu,nyu,0.5431953019642649,0.7039877600364072,0.2439977024698449,0.015462160110473633
ADE_val_00000458.jpg,nyu,nyu,0.6139968248585829,0.7608401892765567,0.1950067476383266,0.01854228973388672
ADE_val_00000459.jpg,nyu,nyu,0.4415099360517897,0.6125659282808126,0.11853551285727941,0.0433650016784668
ADE_val_00000460.jpg,nyu,nyu,0.39560930393395227,0.5669341739393773,0.20220321785766054,0.023218393325805664
ADE_val_00000461.jpg,nyu,nyu,0.6505812574139976,0.7883056402000805,0.2192431362849369,0.03006601333618164
ADE_val_00000462.jpg,nyu,nyu,0.7216145263618464,0.8382997649151789,0.41110775731964994,0.01275014877319336
ADE_val_00000463.jpg,nyu,nyu,0.7705607572164527,0.870414363444802,0.4036317871269327,0.018244504928588867
ADE_val_00000464.jpg,nyu,nyu,0.5267164957413524,0.6899990891702341,0.3227228207639569,0.017838716506958008
ADE_val_00000465.jpg,nyu,nyu,0.5167995039592833,0.6814341679441321,0.1984101337814257,0.0277249813079834
ADE_val_00000466.jpg,nyu,nyu,0.5668279694862963,0.7235356791239025,0.3220604703247481,0.021429777145385742
ADE_val_00000467.jpg,nyu,nyu,0.6506696836548936,0.7883705505685284,0.09632328585624378,0.05074715614318848
ADE_val_00000468.jpg,nyu,nyu,0.547678472942782,0.7077419276904678,0.2650360866078589,0.03565382957458496
ADE_val_00000469.jpg,nyu,nyu,0.46576023451753756,0.6355203580356987,0.0870353581142339,0.029476642608642578
ADE_val_00000470.jpg,nyu,nyu,0.7348213968366802,0.8471435712939364,0.4494206075790792,0.027538061141967773
ADE_val_00000471.jpg,nyu,nyu,0.8535801577766862,0.9210070081895244,0.40376071908254985,0.026632070541381836
ADE_val_00000472.jpg,nyu,nyu,0.25024057622652573,0.4003078783153903,0.07087351887572334,0.03641462326049805
ADE_val_00000473.jpg,nyu,nyu,0.4624893104252507,0.6324686370401871,0.2888094236432478,0.027711153030395508
ADE_val_00000474.jpg,nyu,nyu,0.6101498840568446,0.7578796112068085,0.16730572597137014,0.03490948677062988
ADE_val_00000475.jpg,nyu,nyu,0.6372459194407682,0.7784364118719947,0.06651249862349962,0.06154775619506836
ADE_val_00000476.jpg,nyu,nyu,0.31770702146889307,0.4822119276783305,0.2195945945945946,0.025995254516601562
ADE_val_00000477.jpg,nyu,nyu,0.4188736769998167,0.5904312466850716,0.3142242923683268,0.02465057373046875
ADE_val_00000478.jpg,nyu,nyu,0.6385307547676605,0.7793942871193803,0.41146131805157593,0.024207115173339844
ADE_val_00000479.jpg,nyu,nyu,0.6762873208940452,0.806887115907252,0.133091962346126,0.0660548210144043
ADE_val_00000480.jpg,nyu,nyu,0.49421656612652476,0.661505938737767,0.14184220366446468,0.03335857391357422
ADE_val_00000481.jpg,nyu,nyu,0.793796140665554,0.885046101583239,0.06581009088060169,0.06002950668334961
ADE_val_00000482.jpg,nyu,nyu,0.5436294774364433,0.7043522883992431,0.5025716385011021,0.02670001983642578
ADE_val_00000483.jpg,nyu,nyu,0.20688851831870125,0.3428461124262159,0.07897934386391252,0.027756929397583008
ADE_val_00000484.jpg,nyu,nyu,0.2864742062392641,0.44536331136667096,0.09165460684997588,0.02816629409790039
ADE_val_00000485.jpg,nyu,nyu,0.7383731967179553,0.8494990582137395,0.13750074276546437,0.4360373020172119
ADE_val_00000486.jpg,nyu,nyu,0.5538286580742987,0.712856794340083,0.2974261201143947,0.012846231460571289
ADE_val_00000487.jpg,nyu,nyu,0.6222995479939499,0.7671820518762429,0.42527261064785116,0.014604806900024414
ADE_val_00000488.jpg,nyu,nyu,0.3566448049706593,0.5257747697318202,0.3217530732228755,0.015274286270141602
ADE_val_00000962.jpg,nyu,nyu,0.6495734945507454,0.7875653878976203,0.15302340854716892,0.043389081954956055
ADE_val_00000963.jpg,nyu,nyu,0.4797519786684725,0.6484221485551497,0.3795520131922495,0.01834726333618164
ADE_val_00001457.jpg,nyu,nyu,0.44942732158504817,0.6201446804432644,0.006272802918773604,0.061634063720703125
ADE_val_00001458.jpg,nyu,nyu,0.3301151390484332,0.4963707717582978,0.2048222719363659,0.01488804817199707
ADE_val_00001459.jpg,nyu,nyu,0.9311552193229172,0.9643504675397245,0.6965266977708657,0.01820659637451172
ADE_val_00001460.jpg,nyu,nyu,0.5189121735014416,0.6832681738342116,0.3768844221105528,0.012666702270507812
ADE_val_00001461.jpg,nyu,nyu,0.5986054691520211,0.7489095723781689,0.13190290206160085,0.045232295989990234
ADE_val_00001462.jpg,nyu,nyu,0.6334890428086001,0.775626926421725,0.11744505494505494,0.05204510688781738
ADE_val_00001463.jpg,nyu,nyu,0.4130658184487399,0.5846377614628064,0.4482323232323232,0.01743173599243164
ADE_val_00001464.jpg,nyu,nyu,0.6809441243917445,0.8101924561450209,0.10307234886025768,0.022706270217895508
ADE_val_00001465.jpg,nyu,nyu,0.32681015908942523,0.4926253493773538,0.16514806378132119,0.031629085540771484
ADE_val_00001466.jpg,nyu,nyu,0.5127439181638442,0.6778991632453012,0.306587935625796,0.02785205841064453
ADE_val_00001467.jpg,nyu,nyu,0.7915282514219132,0.8836346854074864,0.2304398598676528,0.030150651931762695
ADE_val_00001468.jpg,nyu,nyu,0.6342685425191417,0.776210917627343,0.4855775131950411,0.022012710571289062
ADE_val_00001469.jpg,nyu,nyu,0.5506649150210039,0.7102307012776452,0.3062181447502548,0.06040000915527344
ADE_val_00001470.jpg,nyu,nyu,0.4462371779525239,0.6171009634592213,0.21802157021918125,0.02479267120361328
ADE_val_00001471.jpg,nyu,nyu,0.7413007620167021,0.8514333401636583,0.1756996702460472,0.06540870666503906
ADE_val_00001472.jpg,nyu,nyu,0.6354314352599822,0.7770811072357412,0.2935490234760308,0.0263669490814209
ADE_val_00001473.jpg,nyu,nyu,0.6275672115442189,0.771172099183283,0.4839203675344564,0.02445816993713379
ADE_val_00001474.jpg,nyu,nyu,0.617058035907108,0.763186010897824,0.17667277726856093,0.030062198638916016
ADE_val_00001475.jpg,nyu,nyu,0.5543641999800007,0.7133002677070579,0.16105273495040756,0.040546417236328125
ADE_val_00001476.jpg,nyu,nyu,0.7306758495947685,0.8443820947358266,0.4724243135414222,0.02542734146118164
ADE_val_00001477.jpg,nyu,nyu,0.32842433157393786,0.49445696494404856,0.22837370242214533,0.025012731552124023
ADE_val_00001478.jpg,nyu,nyu,0.30319659230446205,0.4653121318684773,0.10069608704467123,0.0465550422668457
ADE_val_00001479.jpg,nyu,nyu,0.5929203539823009,0.7444444444444445,0.3198263386396527,0.024893522262573242
ADE_val_00001480.jpg,nyu,nyu,0.2977572589223075,0.45887974330357145,0.41198224852071,0.024857521057128906
ADE_val_00001481.jpg,nyu,nyu,0.555247423491464,0.7140309832437559,0.3518292682926829,0.026506662368774414
ADE_val_00001482.jpg,nyu,nyu,0.24429359355112432,0.39266230223677034,0.2875060299083454,0.02608656883239746
ADE_val_00001483.jpg,nyu,nyu,0.724946984938285,0.8405440761580532,0.3321526957890595,0.026129484176635742
ADE_val_00001484.jpg,nyu,nyu,0.6600229326858222,0.7951973670844931,0.5285343709468223,0.025844573974609375
ADE_val_00001485.jpg,nyu,nyu,0.31624315013063886,0.4805239063910818,0.19277460874652624,0.028919696807861328
ADE_val_00001486.jpg,nyu,nyu,0.15972683002541568,0.2754559537471686,0.20542810016494226,0.028855085372924805
ADE_val_00001487.jpg,nyu,nyu,0.5238203613961427,0.6875093346517724,0.14816575548688696,0.04626178741455078
ADE_val_00001962.jpg,nyu,nyu,0.6399130134224321,0.7804231177932537,0.13788348845225784,0.06898617744445801
ADE_val_00001963.jpg,nyu,nyu,0.20390932851917506,0.3387453252314048,0.2014388489208633,0.037018775939941406
ADE_val_00001488.jpg,nyu,nyu,0.7182962304905239,0.8360563420260442,0.24914064391188576,0.07032012939453125
ADE_val_00000505.jpg,nyu,nyu,0.03707342351582152,0.07149623676622147,0.11030388943031808,0.07251167297363281
ADE_val_00000506.jpg,nyu,nyu,0.7234298902732411,0.8395234344676997,0.4343179456731483,0.03515911102294922
ADE_val_00000507.jpg,nyu,nyu,0.6512427330328565,0.7887910359934925,0.4677299150394991,0.033237457275390625
ADE_val_00000508.jpg,nyu,nyu,0.2993487993487993,0.4607674236491778,0.4844246662428481,0.03245663642883301
ADE_val_00000509.jpg,nyu,nyu,0.4201934071450484,0.5917411037553604,0.2503418725499134,0.0398259162902832
ADE_val_00000510.jpg,nyu,nyu,0.7106226741260692,0.8308350928285402,0.25739793359414187,0.04078793525695801
ADE_val_00000511.jpg,nyu,nyu,0.5410070426774213,0.7021473980254485,0.4307460437076111,0.03451418876647949
ADE_val_00000512.jpg,nyu,nyu,0.6115008398379607,0.7589209074187615,0.5481623828969494,0.033710479736328125
ADE_val_00000513.jpg,nyu,nyu,0.6919570712302656,0.8179369122257053,0.6028931404573029,0.031499624252319336
ADE_val_00000514.jpg,nyu,nyu,0.7395069655769284,0.850248927093732,0.407252440725244,0.03697395324707031
ADE_val_00000515.jpg,nyu,nyu,0.39346441562836115,0.5647283292138242,0.16163428001993024,0.04157257080078125
ADE_val_00000516.jpg,nyu,nyu,0.48758399880865955,0.6555381063511628,0.11405815613494627,0.0480344295501709
ADE_val_00000517.jpg,nyu,nyu,0.5113258308878222,0.6766586270644841,0.3658210947930574,0.04333901405334473
ADE_val_00000518.jpg,nyu,nyu,0.4753000036585812,0.6443435267130613,0.4548775537816263,0.04039263725280762
ADE_val_00000519.jpg,nyu,nyu,0.6381961279181749,0.7791449595588981,0.4867674858223063,0.04067039489746094
ADE_val_00000520.jpg,nyu,nyu,0.31399490740096564,0.4779240857516506,0.37362946303064387,0.040344953536987305
ADE_val_00000521.jpg,nyu,nyu,0.5551259572299899,0.713930540030066,0.2862632084534102,0.040802955627441406
ADE_val_00000522.jpg,nyu,nyu,0.6736200027946423,0.8049856020719385,0.46328420503456363,0.0440518856048584
ADE_val_00000523.jpg,nyu,nyu,0.2371523619427811,0.3833842447188401,0.03792415169660678,0.035492897033691406
ADE_val_00000524.jpg,nyu,nyu,0.5175705787354089,0.682104128780225,0.2224727546035325,0.04067587852478027
ADE_val_00000525.jpg,nyu,nyu,0.5265371275839759,0.6898451640246932,0.24785359240849525,0.04333662986755371
ADE_val_00000526.jpg,nyu,nyu,0.5104509822344441,0.6758921517324878,0.1526247569669475,0.08554673194885254
ADE_val_00000527.jpg,nyu,nyu,0.7063753367255313,0.8279249254516752,0.41845642233615077,0.04995322227478027
ADE_val_00000528.jpg,nyu,nyu,0.48176090753861556,0.6502545789777634,0.18170212765957447,0.05245518684387207
ADE_val_00000529.jpg,nyu,nyu,0.4940421088490791,0.6613496445955726,0.3170553935860059,0.04262518882751465
ADE_val_00000530.jpg,nyu,nyu,0.6331339487851806,0.7753607097031352,0.2942271880819367,0.04926729202270508
ADE_val_00000531.jpg,nyu,nyu,0.34744385342789597,0.5157080980316904,0.19215182366314126,0.04424118995666504
ADE_val_00000532.jpg,nyu,nyu,0.30630588023331756,0.4689650178694881,0.18479579458148,0.048598527908325195
ADE_val_00000965.jpg,nyu,nyu,0.5007245935914951,0.6673104388769615,0.20287375983578515,0.04239630699157715
ADE_val_00000966.jpg,nyu,nyu,0.7058375312195742,0.8275554011464873,0.4372065141372764,0.03883171081542969
ADE_val_00000967.jpg,nyu,nyu,0.5171800526428114,0.6817648989543771,0.3229753350165081,0.04227590560913086
ADE_val_00000968.jpg,nyu,nyu,0.504237403999876,0.6704226376223226,0.3182025201153788,0.04656982421875
ADE_val_00000969.jpg,nyu,nyu,0.4489278785241531,0.619669046580043,0.16911150864639238,0.072235107421875
ADE_val_00000970.jpg,nyu,nyu,0.6364882495292583,0.7778708459560848,0.08999061845998411,0.08186769485473633
ADE_val_00000971.jpg,nyu,nyu,0.7811675467474093,0.8771410058238481,0.3451529208271091,0.04879617691040039
ADE_val_00001504.jpg,nyu,nyu,0.25881221742599375,0.4112006760709875,0.20669718140207183,0.03873896598815918
ADE_val_00001505.jpg,nyu,nyu,0.5665186293494142,0.7232836159563493,0.20999812417932845,0.0916130542755127
ADE_val_00001506.jpg,nyu,nyu,0.4905690065495742,0.6582305205515603,0.35532794957652164,0.042563438415527344
ADE_val_00001507.jpg,nyu,nyu,0.3766576332429991,0.5472059634111132,0.1956769055745165,0.04032301902770996
ADE_val_00001508.jpg,nyu,nyu,0.7254303792807814,0.8408689078294375,0.37821989528795813,0.05066704750061035
ADE_val_00001509.jpg,nyu,nyu,0.8784664646349134,0.9353017274180048,0.473130617708931,0.0410311222076416
ADE_val_00001510.jpg,nyu,nyu,0.6019140900070418,0.7514935960197414,0.3285158421345192,0.04466652870178223
ADE_val_00001511.jpg,nyu,nyu,0.5184668455346876,0.6828820096524707,0.22441364605543712,0.040105342864990234
ADE_val_00001512.jpg,nyu,nyu,0.751242339832869,0.8579536055581712,0.2139608913142337,0.040776729583740234
ADE_val_00001513.jpg,nyu,nyu,0.7530489352237478,0.8591305354834644,0.29383003492433063,0.047132253646850586
ADE_val_00001514.jpg,nyu,nyu,0.6963193685686796,0.8209767352432225,0.35547208468499236,0.043134450912475586
ADE_val_00001515.jpg,nyu,nyu,0.8670072927651611,0.9287669053301512,0.4664655372476213,0.04399681091308594
ADE_val_00001516.jpg,nyu,nyu,0.4200594002155229,0.5916082104055229,0.2917771883289125,0.035843849182128906
ADE_val_00001517.jpg,nyu,nyu,0.6301353580078154,0.7731080181929215,0.3297930781908075,0.045651912689208984
ADE_val_00001518.jpg,nyu,nyu,0.7366889702710393,0.8483833120170812,0.46821457165732583,0.03933596611022949
ADE_val_00001519.jpg,nyu,nyu,0.5963425665181847,0.7471360834772196,0.27172551965940395,0.0417637825012207
ADE_val_00001520.jpg,nyu,nyu,0.8193517854144085,0.9007073749926577,0.23601039283359831,0.08550572395324707
ADE_val_00001521.jpg,nyu,nyu,0.747251031560165,0.8553447879700784,0.31291779584462515,0.039285898208618164
ADE_val_00001522.jpg,nyu,nyu,0.6129438893159108,0.7600312613179314,0.2713881862818033,0.04279685020446777
ADE_val_00001523.jpg,nyu,nyu,0.4738588269428483,0.6430179312705953,0.2892768079800499,0.04509472846984863
ADE_val_00001524.jpg,nyu,nyu,0.5058444623372297,0.6718415812375544,0.38906320035858355,0.04056286811828613
ADE_val_00001525.jpg,nyu,nyu,0.6901818332100678,0.8166953633612829,0.19460169834209462,0.08247900009155273
ADE_val_00001526.jpg,nyu,nyu,0.616164694007751,0.7625023567119156,0.4363474122546104,0.04307055473327637
ADE_val_00001527.jpg,nyu,nyu,0.5581869212579283,0.7164569457524423,0.3736585365853659,0.042548179626464844
ADE_val_00001528.jpg,nyu,nyu,0.4821642237511217,0.6506218623073236,0.39370786516853934,0.038617849349975586
ADE_val_00001529.jpg,nyu,nyu,0.546652941008264,0.7068850761721639,0.4351311953352769,0.0382990837097168
ADE_val_00001530.jpg,nyu,nyu,0.7045817037732963,0.8266916184934053,0.5314730694354316,0.04004049301147461
ADE_val_00001531.jpg,nyu,nyu,0.5399282884234273,0.7012382232112949,0.2953354951359441,0.05162334442138672
ADE_val_00001965.jpg,nyu,nyu,0.465599125043837,0.635370364361961,0.30672092044338434,0.0440366268157959
ADE_val_00001966.jpg,nyu,nyu,0.5291988485763958,0.6921256173702358,0.34425018468357543,0.03948640823364258
ADE_val_00001967.jpg,nyu,nyu,0.4527006168118354,0.6232538371262667,0.03390960613420965,0.06981134414672852
ADE_val_00001968.jpg,nyu,nyu,0.6181646218310072,0.7640318092377193,0.17006678254505536,0.07398796081542969
ADE_val_00001969.jpg,nyu,nyu,0.4775066257378524,0.6463681683990964,0.2463345551482839,0.07431459426879883
ADE_val_00001970.jpg,nyu,nyu,0.8583536307017516,0.9237785710113958,0.32159477668958814,0.06631112098693848
ADE_val_00001971.jpg,nyu,nyu,0.46989083557888967,0.6393547387399442,0.2671050293229074,0.07158470153808594
ADE_val_00000639.jpg,nyu,nyu,0.38932077309353735,0.5604476383472689,0.1772360401910723,0.03974008560180664
ADE_val_00000640.jpg,nyu,nyu,0.662904347826087,0.7972850016210506,0.4868563197695355,0.0309906005859375
ADE_val_00000641.jpg,nyu,nyu,0.5890699944373892,0.741402199398963,0.4599602911978822,0.03275704383850098
ADE_val_00001638.jpg,nyu,nyu,0.5484793470835957,0.7084102840849651,0.06690391459074733,0.06972408294677734
ADE_val_00001639.jpg,nyu,nyu,0.8498159100836898,0.9188113319289618,0.46306280052455195,0.0339198112487793
ADE_val_00001640.jpg,nyu,nyu,0.7439453056346444,0.8531750430830318,0.6144927536231884,0.02906322479248047
ADE_val_00000688.jpg,nyu,nyu,0.2900124911747135,0.44962741548435986,0.24313997915943034,0.030197620391845703
ADE_val_00000689.jpg,nyu,nyu,0.7235421166306696,0.8395989974937343,0.7865886109632783,0.030528545379638672
ADE_val_00001688.jpg,nyu,nyu,0.7484341286633011,0.856119331456299,0.6005063291139241,0.029919862747192383
ADE_val_00000697.jpg,nyu,nyu,0.5094204484411993,0.6749881372910845,0.2041903409090909,0.03196430206298828
ADE_val_00000698.jpg,nyu,nyu,0.6913574810084774,0.817517868069207,0.39364461738002593,0.031739234924316406
ADE_val_00000699.jpg,nyu,nyu,0.596992164200247,0.7476457024436471,0.26818566700023094,0.0665137767791748
ADE_val_00000700.jpg,nyu,nyu,0.7267939873990231,0.8417842460683498,0.24638798909969664,0.049651145935058594
ADE_val_00001697.jpg,nyu,nyu,0.5369046400478729,0.6986830881467687,0.1850309739006804,0.032859086990356445
ADE_val_00001698.jpg,nyu,nyu,0.5578125640010376,0.7161484980816551,0.4072907290729073,0.03447270393371582
ADE_val_00001699.jpg,nyu,nyu,0.5661185093011707,0.7229574338582878,0.2710352253499462,0.0659646987915039
ADE_val_00000708.jpg,nyu,nyu,0.7870169043014832,0.8808164068365271,0.32117418519317936,0.029595136642456055
ADE_val_00000709.jpg,nyu,nyu,0.4918913132682735,0.6594197699170075,0.2871407696054554,0.03273344039916992
ADE_val_00001708.jpg,nyu,nyu,0.8042425933066958,0.8915016154592975,0.29980468750000006,0.03778362274169922
ADE_val_00001709.jpg,nyu,nyu,0.5017159687540018,0.6681902293018616,0.30528476141611083,0.03795647621154785
ADE_val_00000714.jpg,nyu,nyu,0.8083560911061686,0.8940231352462207,0.4957156458267218,0.027988910675048828
ADE_val_00000715.jpg,nyu,nyu,0.830356643263479,0.9073167749242295,0.28551724137931034,0.037212371826171875
ADE_val_00000716.jpg,nyu,nyu,0.5637391054496695,0.7210142708397134,0.20597414177440926,0.02868366241455078
ADE_val_00000717.jpg,nyu,nyu,0.4225641153722875,0.5940879722833466,0.33813400125234816,0.03713846206665039
ADE_val_00000988.jpg,nyu,nyu,0.67886046979226,0.8087157712114829,0.2627169359664871,0.05047464370727539
ADE_val_00001713.jpg,nyu,nyu,0.5146616775802931,0.6795731154992671,0.21626199887069453,0.030023574829101562
ADE_val_00001714.jpg,nyu,nyu,0.5847097570170698,0.7379392402021686,0.13364796739247023,0.07203006744384766
ADE_val_00001715.jpg,nyu,nyu,0.544122599272398,0.7047660587686401,0.19986178299930893,0.0314486026763916
ADE_val_00001716.jpg,nyu,nyu,0.632648489322971,0.7749965696355356,0.19152350948106758,0.05073237419128418
ADE_val_00001987.jpg,nyu,nyu,0.4656723593751623,0.6354385499548961,0.13420748168145005,0.07455301284790039
ADE_val_00000734.jpg,nyu,nyu,0.7721335510312886,0.8714168868163998,0.41058655221745355,0.03542447090148926
ADE_val_00000750.jpg,nyu,nyu,0.26726916071178364,0.42180330587649956,0.47917509098261224,0.038199424743652344
ADE_val_00001750.jpg,nyu,nyu,0.8871164341503446,0.9401819814576093,0.1665194606371077,0.06066417694091797
ADE_val_00000898.jpg,nyu,nyu,0.3059587757651468,0.46855809148476213,0.5404768913747425,0.03337550163269043
ADE_val_00000899.jpg,nyu,nyu,0.6981507151888129,0.8222482362069816,0.34678624813153963,0.03485703468322754
ADE_val_00001898.jpg,nyu,nyu,0.6735785603512868,0.8049560102035505,0.44479433182444394,0.038836002349853516
ADE_val_00000921.jpg,nyu,nyu,0.6959371367421522,0.820711005926821,0.3545095586223074,0.07820963859558105
ADE_val_00000922.jpg,nyu,nyu,0.7589311225575383,0.8629458116063462,0.20961562229637867,0.06915569305419922
ADE_val_00001920.jpg,nyu,nyu,0.5633874454287289,0.7207265826216619,0.38183347350714886,0.03340339660644531
ADE_val_00001921.jpg,nyu,nyu,0.6273167523615927,0.7709829711409519,0.3446556559675912,0.0327601432800293
ADE_val_00000925.jpg,nyu,nyu,0.8527383046425677,0.920516731915983,0.6021825396825398,0.0342254638671875
ADE_val_00000926.jpg,nyu,nyu,0.47412815217707455,0.6432658537547847,0.36200448765893795,0.03353452682495117
ADE_val_00001924.jpg,nyu,nyu,0.8181235785899612,0.8999647639182523,0.616642958748222,0.03360438346862793
ADE_val_00001925.jpg,nyu,nyu,0.11566384127104792,0.20734532570182612,0.1127500505152556,0.0347898006439209
ADE_val_00000932.jpg,nyu,nyu,0.6145139147616652,0.7612370623047617,0.36649803260258573,0.05141139030456543
ADE_val_00000933.jpg,nyu,nyu,0.7241087142074695,0.8399803425856757,0.11843660307276717,0.06481575965881348
ADE_val_00001931.jpg,nyu,nyu,0.5818660608251149,0.7356704530617574,0.41045090602612727,0.027548551559448242
ADE_val_00001932.jpg,nyu,nyu,0.5432233516139982,0.7040113163734357,0.2835327055230339,0.037192344665527344
